vds_1,i_src,R0,C0,I0,R1,C1,I1,R2,C2,I2,R3,C3,I3,R4,C4,I4
0,9e-05,822.182,1.01773e-16,-1.96644e-06,826.055,4.17447e-17,-2.52762e-06,828.85,3.26731e-17,-2.95958e-06,826.687,3.21639e-17,-3.15248e-06,817.493,2.47754e-17,-4.10983e-06
0,9.1e-05,816.015,1.01773e-16,-2.00278e-06,819.872,4.17447e-17,-2.57468e-06,822.696,3.26731e-17,-3.01461e-06,820.567,3.21639e-17,-3.21096e-06,811.566,2.47754e-17,-4.18529e-06
0,9.2e-05,809.97,1.01773e-16,-2.03937e-06,813.811,4.17447e-17,-2.62205e-06,816.664,3.26731e-17,-3.07e-06,814.569,3.21639e-17,-3.26982e-06,805.755,2.47754e-17,-4.26124e-06
0,9.3e-05,804.043,1.01773e-16,-2.07619e-06,807.868,4.17447e-17,-2.66974e-06,810.75,3.26731e-17,-3.12575e-06,808.688,3.21639e-17,-3.32907e-06,800.058,2.47754e-17,-4.33766e-06
0,9.4e-05,798.231,1.01773e-16,-2.11325e-06,802.041,4.17447e-17,-2.71774e-06,804.95,3.26731e-17,-3.18187e-06,802.921,3.21639e-17,-3.38871e-06,794.471,2.47754e-17,-4.41456e-06
0,9.5e-05,792.529,1.01773e-16,-2.15055e-06,796.324,4.17447e-17,-2.76605e-06,799.262,3.26731e-17,-3.23835e-06,797.265,3.21639e-17,-3.44872e-06,788.991,2.47754e-17,-4.49192e-06
0,9.6e-05,786.936,1.01773e-16,-2.18807e-06,790.717,4.17447e-17,-2.81467e-06,793.681,3.26731e-17,-3.29518e-06,791.716,3.21639e-17,-3.50911e-06,783.614,2.47754e-17,-4.56976e-06
0,9.7e-05,781.447,1.01773e-16,-2.22583e-06,785.214,4.17447e-17,-2.8636e-06,788.205,3.26731e-17,-3.35238e-06,786.272,3.21639e-17,-3.56988e-06,778.338,2.47754e-17,-4.64806e-06
0,9.8e-05,776.06,1.01773e-16,-2.26382e-06,779.813,4.17447e-17,-2.91284e-06,782.83,3.26731e-17,-3.40992e-06,780.933,3.21639e-17,-3.63102e-06,773.159,2.47754e-17,-4.72682e-06
0,9.9e-05,770.772,1.01773e-16,-2.30204e-06,774.511,4.17447e-17,-2.96237e-06,777.554,3.26731e-17,-3.46782e-06,775.693,3.21639e-17,-3.69253e-06,768.075,2.47754e-17,-4.80605e-06
0,0.0001,765.579,1.01773e-16,-2.34049e-06,769.305,4.17447e-17,-3.01221e-06,772.374,3.26731e-17,-3.52607e-06,770.547,3.21639e-17,-3.75441e-06,763.084,2.47753e-17,-4.88572e-06
0,0.000101,760.48,1.01773e-16,-2.37916e-06,764.193,4.17447e-17,-3.06235e-06,767.291,3.26731e-17,-3.58467e-06,765.494,3.21639e-17,-3.81666e-06,758.181,2.47753e-17,-4.96586e-06
0,0.000102,755.471,1.01773e-16,-2.41806e-06,759.172,4.17447e-17,-3.11278e-06,762.299,3.26731e-17,-3.64362e-06,760.53,3.21639e-17,-3.87927e-06,753.366,2.47753e-17,-5.04644e-06
0,0.000103,750.551,1.01773e-16,-2.45719e-06,754.239,4.17446e-17,-3.16352e-06,757.395,3.26731e-17,-3.7029e-06,755.654,3.21639e-17,-3.94225e-06,748.636,2.47753e-17,-5.12746e-06
0,0.000104,745.716,1.01773e-16,-2.49653e-06,749.392,4.17446e-17,-3.21454e-06,752.576,3.26731e-17,-3.76253e-06,750.862,3.21639e-17,-4.00558e-06,743.988,2.47753e-17,-5.20894e-06
0,0.000105,740.965,1.01773e-16,-2.5361e-06,744.629,4.17446e-17,-3.26586e-06,747.839,3.26731e-17,-3.8225e-06,746.153,3.21639e-17,-4.06927e-06,739.42,2.47753e-17,-5.29085e-06
0,0.000106,736.294,1.01773e-16,-2.57588e-06,739.947,4.17446e-17,-3.31748e-06,743.184,3.26731e-17,-3.88281e-06,741.525,3.21639e-17,-4.13332e-06,734.93,2.47753e-17,-5.3732e-06
0,0.000107,731.703,1.01773e-16,-2.61589e-06,735.344,4.17446e-17,-3.36938e-06,738.607,3.26731e-17,-3.94345e-06,736.974,3.21639e-17,-4.19772e-06,730.517,2.47753e-17,-5.45599e-06
0,0.000108,727.188,1.01773e-16,-2.65611e-06,730.819,4.17446e-17,-3.42157e-06,734.107,3.26731e-17,-4.00443e-06,732.5,3.21639e-17,-4.26248e-06,726.177,2.47753e-17,-5.53921e-06
0,0.000109,722.749,1.01773e-16,-2.69655e-06,726.369,4.17446e-17,-3.47405e-06,729.682,3.26731e-17,-4.06574e-06,728.1,3.21639e-17,-4.32758e-06,721.909,2.47753e-17,-5.62287e-06
0.025,9e-05,1140.7,1.01773e-16,2.41294e-05,1133.72,4.17446e-17,2.35765e-05,1126.33,3.26729e-17,2.31757e-05,1120.85,3.21637e-17,2.30793e-05,1094.16,2.47753e-17,2.25788e-05
0.025,9.1e-05,1130.11,1.01773e-16,2.43117e-05,1123.18,4.17446e-17,2.3748e-05,1115.92,3.26729e-17,2.33381e-05,1110.5,3.21637e-17,2.32385e-05,1084.18,2.47753e-17,2.27215e-05
0.025,9.2e-05,1119.75,1.01773e-16,2.44929e-05,1112.88,4.17446e-17,2.39182e-05,1105.73,3.26729e-17,2.34991e-05,1100.38,3.21637e-17,2.33964e-05,1074.42,2.47753e-17,2.28627e-05
0.025,9.3e-05,1109.6,1.01773e-16,2.46729e-05,1102.79,4.17446e-17,2.40872e-05,1095.77,3.26729e-17,2.36587e-05,1090.47,3.21637e-17,2.35529e-05,1064.87,2.47753e-17,2.30024e-05
0.025,9.4e-05,1099.67,1.01773e-16,2.48518e-05,1092.92,4.17446e-17,2.4255e-05,1086.01,3.26729e-17,2.38171e-05,1080.77,3.21637e-17,2.3708e-05,1055.52,2.47753e-17,2.31406e-05
0.025,9.5e-05,1089.95,1.01773e-16,2.50295e-05,1083.26,4.17446e-17,2.44216e-05,1076.46,3.26729e-17,2.39742e-05,1071.28,3.21637e-17,2.38619e-05,1046.37,2.47753e-17,2.32774e-05
0.025,9.6e-05,1080.44,1.01773e-16,2.52061e-05,1073.8,4.17446e-17,2.45869e-05,1067.11,3.26729e-17,2.41301e-05,1061.99,3.21637e-17,2.40144e-05,1037.4,2.47753e-17,2.34126e-05
0.025,9.7e-05,1071.11,1.01773e-16,2.53816e-05,1064.53,4.17446e-17,2.47511e-05,1057.95,3.26729e-17,2.42846e-05,1052.89,3.21637e-17,2.41657e-05,1028.63,2.47753e-17,2.35465e-05
0.025,9.8e-05,1061.98,1.01773e-16,2.5556e-05,1055.45,4.17446e-17,2.49141e-05,1048.97,3.26729e-17,2.4438e-05,1043.98,3.21637e-17,2.43156e-05,1020.03,2.47753e-17,2.36789e-05
0.025,9.9e-05,1053.03,1.01773e-16,2.57294e-05,1046.55,4.17446e-17,2.50759e-05,1040.18,3.26729e-17,2.459e-05,1035.25,3.21637e-17,2.44643e-05,1011.6,2.47753e-17,2.38098e-05
0.025,0.0001,1044.25,1.01773e-16,2.59016e-05,1037.83,4.17446e-17,2.52366e-05,1031.56,3.26729e-17,2.47409e-05,1026.7,3.21637e-17,2.46118e-05,1003.35,2.47753e-17,2.39394e-05
0.025,0.000101,1035.65,1.01773e-16,2.60728e-05,1029.28,4.17446e-17,2.53961e-05,1023.12,3.26729e-17,2.48905e-05,1018.31,3.21637e-17,2.4758e-05,995.254,2.47753e-17,2.40676e-05
0.025,0.000102,1027.22,1.01773e-16,2.62429e-05,1020.9,4.17446e-17,2.55545e-05,1014.85,3.26729e-17,2.50389e-05,1010.09,3.21637e-17,2.49029e-05,987.319,2.47753e-17,2.41944e-05
0.025,0.000103,1018.95,1.01773e-16,2.64119e-05,1012.68,4.17446e-17,2.57117e-05,1006.73,3.26729e-17,2.51862e-05,1002.03,3.21637e-17,2.50466e-05,979.538,2.47753e-17,2.43198e-05
0.025,0.000104,1010.83,1.01773e-16,2.658e-05,1004.62,4.17446e-17,2.58678e-05,998.774,3.26729e-17,2.53322e-05,994.116,3.21637e-17,2.51892e-05,971.907,2.47753e-17,2.44439e-05
0.025,0.000105,1002.87,1.01773e-16,2.6747e-05,996.709,4.17445e-17,2.60228e-05,990.964,3.26729e-17,2.54771e-05,986.357,3.21637e-17,2.53305e-05,964.42,2.47753e-17,2.45666e-05
0.025,0.000106,995.06,1.01773e-16,2.69129e-05,988.947,4.17445e-17,2.61767e-05,983.302,3.26729e-17,2.56207e-05,978.743,3.21637e-17,2.54706e-05,957.075,2.47753e-17,2.4688e-05
0.025,0.000107,987.393,1.01773e-16,2.70779e-05,981.33,4.17445e-17,2.63296e-05,975.781,3.26729e-17,2.57633e-05,971.271,3.21637e-17,2.56095e-05,949.866,2.47753e-17,2.48081e-05
0.025,0.000108,979.867,1.01773e-16,2.72419e-05,973.853,4.17445e-17,2.64813e-05,968.398,3.26729e-17,2.59047e-05,963.936,3.21637e-17,2.57472e-05,942.79,2.47753e-17,2.49268e-05
0.025,0.000109,972.477,1.01773e-16,2.74048e-05,966.511,4.17445e-17,2.66319e-05,961.15,3.26729e-17,2.60449e-05,956.735,3.21637e-17,2.58838e-05,935.844,2.47753e-17,2.50443e-05
0.05,9e-05,1721.52,1.01774e-16,4.22271e-05,1691.58,4.17445e-17,4.1883e-05,1663.47,3.26726e-17,4.16905e-05,1652.49,3.21634e-17,4.17007e-05,1594.99,2.47753e-17,4.1759e-05
0.05,9.1e-05,1701.81,1.01774e-16,4.25972e-05,1672.13,4.17445e-17,4.22449e-05,1644.35,3.26726e-17,4.20448e-05,1633.48,3.21634e-17,4.20529e-05,1576.68,2.47753e-17,4.20994e-05
0.05,9.2e-05,1682.57,1.01774e-16,4.29657e-05,1653.14,4.17445e-17,4.26051e-05,1625.69,3.26726e-17,4.23974e-05,1614.92,3.21634e-17,4.24034e-05,1558.81,2.47753e-17,4.24378e-05
0.05,9.3e-05,1663.77,1.01774e-16,4.33327e-05,1634.59,4.17445e-17,4.29637e-05,1607.46,3.26727e-17,4.27482e-05,1596.8,3.21634e-17,4.2752e-05,1541.36,2.47753e-17,4.27742e-05
0.05,9.4e-05,1645.41,1.01774e-16,4.36981e-05,1616.48,4.17445e-17,4.33206e-05,1589.66,3.26727e-17,4.30973e-05,1579.11,3.21634e-17,4.30989e-05,1524.32,2.47753e-17,4.31086e-05
0.05,9.5e-05,1627.47,1.01774e-16,4.4062e-05,1598.78,4.17444e-17,4.36759e-05,1572.27,3.26727e-17,4.34446e-05,1561.82,3.21634e-17,4.34439e-05,1507.67,2.47753e-17,4.3441e-05
0.05,9.6e-05,1609.93,1.01774e-16,4.44243e-05,1581.48,4.17444e-17,4.40295e-05,1555.27,3.26727e-17,4.37901e-05,1544.93,3.21634e-17,4.37872e-05,1491.4,2.47753e-17,4.37714e-05
0.05,9.7e-05,1592.78,1.01774e-16,4.47851e-05,1564.57,4.17444e-17,4.43815e-05,1538.66,3.26727e-17,4.4134e-05,1528.42,3.21634e-17,4.41287e-05,1475.51,2.47753e-17,4.40998e-05
0.05,9.8e-05,1576.02,1.01774e-16,4.51444e-05,1548.04,4.17444e-17,4.47319e-05,1522.42,3.26727e-17,4.44761e-05,1512.29,3.21634e-17,4.44685e-05,1459.97,2.47753e-17,4.44263e-05
0.05,9.9e-05,1559.62,1.01774e-16,4.55022e-05,1531.87,4.17444e-17,4.50807e-05,1506.54,3.26727e-17,4.48165e-05,1496.52,3.21634e-17,4.48066e-05,1444.77,2.47753e-17,4.47508e-05
0.05,0.0001,1543.57,1.01774e-16,4.58585e-05,1516.05,4.17444e-17,4.54279e-05,1491,3.26727e-17,4.51553e-05,1481.1,3.21634e-17,4.51429e-05,1429.91,2.47753e-17,4.50734e-05
0.05,0.000101,1527.87,1.01774e-16,4.62133e-05,1500.57,4.17444e-17,4.57735e-05,1475.82,3.26727e-17,4.54924e-05,1466.01,3.21634e-17,4.54775e-05,1415.37,2.47753e-17,4.53941e-05
0.05,0.000102,1512.51,1.01774e-16,4.65666e-05,1485.43,4.17444e-17,4.61175e-05,1460.96,3.26727e-17,4.58278e-05,1451.24,3.21634e-17,4.58104e-05,1401.15,2.47753e-17,4.57129e-05
0.05,0.000103,1497.47,1.01774e-16,4.69185e-05,1470.6,4.17444e-17,4.646e-05,1446.41,3.26727e-17,4.61616e-05,1436.79,3.21634e-17,4.61416e-05,1387.23,2.47753e-17,4.60298e-05
0.05,0.000104,1482.74,1.01774e-16,4.72689e-05,1456.09,4.17444e-17,4.6801e-05,1432.17,3.26727e-17,4.64937e-05,1422.63,3.21634e-17,4.64712e-05,1373.6,2.47753e-17,4.63448e-05
0.05,0.000105,1468.31,1.01774e-16,4.76179e-05,1441.87,4.17444e-17,4.71404e-05,1418.23,3.26727e-17,4.68242e-05,1408.78,3.21635e-17,4.6799e-05,1360.26,2.47753e-17,4.6658e-05
0.05,0.000106,1454.18,1.01774e-16,4.79654e-05,1427.95,4.17444e-17,4.74783e-05,1404.57,3.26727e-17,4.71531e-05,1395.21,3.21635e-17,4.71253e-05,1347.2,2.47753e-17,4.69693e-05
0.05,0.000107,1440.34,1.01774e-16,4.83115e-05,1414.31,4.17444e-17,4.78147e-05,1391.19,3.26727e-17,4.74804e-05,1381.91,3.21635e-17,4.74498e-05,1334.41,2.47753e-17,4.72788e-05
0.05,0.000108,1426.77,1.01774e-16,4.86562e-05,1400.95,4.17444e-17,4.81495e-05,1378.09,3.26727e-17,4.78061e-05,1368.89,3.21635e-17,4.77728e-05,1321.88,2.47753e-17,4.75864e-05
0.05,0.000109,1413.47,1.01774e-16,4.89995e-05,1387.85,4.17444e-17,4.84829e-05,1365.24,3.26727e-17,4.81302e-05,1356.13,3.21635e-17,4.80941e-05,1309.6,2.47753e-17,4.78923e-05
0.075,9e-05,2803.89,1.01774e-16,5.3775e-05,2730.13,4.17443e-17,5.36889e-05,2664.25,3.26724e-17,5.37423e-05,2645.25,3.21631e-17,5.38367e-05,2538.24,2.47753e-17,5.43733e-05
0.075,9.1e-05,2765.77,1.01774e-16,5.42909e-05,2692.61,4.17443e-17,5.42009e-05,2627.41,3.26724e-17,5.42503e-05,2608.57,3.21631e-17,5.43439e-05,2502.71,2.47753e-17,5.48756e-05
0.075,9.2e-05,2728.59,1.01774e-16,5.48053e-05,2656.04,4.17443e-17,5.47113e-05,2591.52,3.26724e-17,5.47565e-05,2572.82,3.21631e-17,5.48494e-05,2468.09,2.47753e-17,5.5376e-05
0.075,9.3e-05,2692.34,1.01774e-16,5.53182e-05,2620.39,4.17443e-17,5.52201e-05,2556.52,3.26724e-17,5.5261e-05,2537.97,3.21631e-17,5.53531e-05,2434.35,2.47753e-17,5.58744e-05
0.075,9.4e-05,2656.97,1.01774e-16,5.58295e-05,2585.61,4.17443e-17,5.57272e-05,2522.39,3.26724e-17,5.57638e-05,2503.99,3.21631e-17,5.58551e-05,2401.45,2.47753e-17,5.63707e-05
0.075,9.5e-05,2622.45,1.01774e-16,5.63394e-05,2551.68,4.17443e-17,5.62328e-05,2489.1,3.26724e-17,5.62649e-05,2470.85,3.21631e-17,5.63553e-05,2369.37,2.47753e-17,5.68652e-05
0.075,9.6e-05,2588.76,1.01774e-16,5.68477e-05,2518.57,4.17443e-17,5.67368e-05,2456.62,3.26724e-17,5.67642e-05,2438.52,3.21631e-17,5.68537e-05,2338.08,2.47753e-17,5.73576e-05
0.075,9.7e-05,2555.88,1.01774e-16,5.73546e-05,2486.25,4.17443e-17,5.72392e-05,2424.93,3.26724e-17,5.72619e-05,2406.97,3.21631e-17,5.73505e-05,2307.56,2.47753e-17,5.78481e-05
0.075,9.8e-05,2523.76,1.01774e-16,5.78599e-05,2454.7,4.17443e-17,5.774e-05,2393.99,3.26724e-17,5.77579e-05,2376.21,3.21631e-17,5.78455e-05,2277.77,2.47753e-17,5.83366e-05
0.075,9.9e-05,2492.39,1.01774e-16,5.83638e-05,2423.89,4.17443e-17,5.82392e-05,2363.78,3.26724e-17,5.82522e-05,2346.17,3.21631e-17,5.83387e-05,2248.7,2.47753e-17,5.88232e-05
0.075,0.0001,2461.75,1.01774e-16,5.88662e-05,2393.8,4.17443e-17,5.87369e-05,2334.29,3.26724e-17,5.87448e-05,2316.84,3.21631e-17,5.88303e-05,2220.31,2.47752e-17,5.93078e-05
0.075,0.000101,2431.81,1.01774e-16,5.93671e-05,2364.4,4.17443e-17,5.92329e-05,2305.5,3.26724e-17,5.92358e-05,2288.2,3.21632e-17,5.93201e-05,2192.59,2.47752e-17,5.97905e-05
0.075,0.000102,2402.54,1.01774e-16,5.98666e-05,2335.68,4.17443e-17,5.97275e-05,2277.37,3.26724e-17,5.97251e-05,2260.21,3.21632e-17,5.98082e-05,2165.52,2.47752e-17,6.02712e-05
0.075,0.000103,2373.93,1.01774e-16,6.03646e-05,2307.6,4.17443e-17,6.02204e-05,2249.89,3.26724e-17,6.02127e-05,2232.85,3.21632e-17,6.02947e-05,2139.07,2.47752e-17,6.07501e-05
0.075,0.000104,2345.96,1.01774e-16,6.08611e-05,2280.15,4.17443e-17,6.07119e-05,2223.02,3.26724e-17,6.06987e-05,2206.12,3.21632e-17,6.07794e-05,2113.23,2.47752e-17,6.1227e-05
0.075,0.000105,2318.6,1.01774e-16,6.13562e-05,2253.31,4.17443e-17,6.12017e-05,2196.76,3.26724e-17,6.1183e-05,2179.99,3.21632e-17,6.12625e-05,2087.97,2.47752e-17,6.1702e-05
0.075,0.000106,2291.84,1.01774e-16,6.18499e-05,2227.07,4.17443e-17,6.16901e-05,2171.07,3.26725e-17,6.16657e-05,2154.43,3.21632e-17,6.17438e-05,2063.28,2.47752e-17,6.21751e-05
0.075,0.000107,2265.66,1.01774e-16,6.23421e-05,2201.39,4.17443e-17,6.21769e-05,2145.95,3.26725e-17,6.21468e-05,2129.44,3.21632e-17,6.22235e-05,2039.13,2.47752e-17,6.26463e-05
0.075,0.000108,2240.04,1.01774e-16,6.28329e-05,2176.27,4.17443e-17,6.26622e-05,2121.38,3.26725e-17,6.26262e-05,2104.99,3.21632e-17,6.27016e-05,2015.53,2.47752e-17,6.31157e-05
0.075,0.000109,2214.96,1.01774e-16,6.33223e-05,2151.7,4.17443e-17,6.3146e-05,2097.33,3.26725e-17,6.3104e-05,2081.07,3.21632e-17,6.31779e-05,1992.43,2.47752e-17,6.35831e-05
0.1,9e-05,4654.88,1.01775e-16,6.07546e-05,4523.2,4.17442e-17,6.08691e-05,4412.48,3.26722e-17,6.11066e-05,4386.52,3.21628e-17,6.12505e-05,4226,2.47752e-17,6.20919e-05
0.1,9.1e-05,4585.61,1.01775e-16,6.13717e-05,4454.58,4.17442e-17,6.14868e-05,4344.52,3.26722e-17,6.1724e-05,4318.63,3.21628e-17,6.18684e-05,4159.18,2.47752e-17,6.27114e-05
0.1,9.2e-05,4518.05,1.01775e-16,6.19877e-05,4387.7,4.17442e-17,6.21032e-05,4278.31,3.26722e-17,6.23401e-05,4252.48,3.21629e-17,6.24849e-05,4094.09,2.47752e-17,6.33293e-05
0.1,9.3e-05,4452.16,1.01775e-16,6.26025e-05,4322.49,4.17442e-17,6.27184e-05,4213.77,3.26722e-17,6.29549e-05,4188.01,3.21629e-17,6.31e-05,4030.68,2.47752e-17,6.39457e-05
0.1,9.4e-05,4387.88,1.01775e-16,6.3216e-05,4258.89,4.17442e-17,6.33323e-05,4150.84,3.26722e-17,6.35682e-05,4125.16,3.21629e-17,6.37138e-05,3968.89,2.47752e-17,6.45605e-05
0.1,9.5e-05,4325.16,1.01774e-16,6.38284e-05,4196.85,4.17442e-17,6.39449e-05,4089.49,3.26722e-17,6.41803e-05,4063.88,3.21629e-17,6.43261e-05,3908.66,2.47752e-17,6.51737e-05
0.1,9.6e-05,4263.94,1.01774e-16,6.44396e-05,4136.33,4.17442e-17,6.45563e-05,4029.64,3.26722e-17,6.47909e-05,4004.11,3.21629e-17,6.49371e-05,3849.94,2.47752e-17,6.57854e-05
0.1,9.7e-05,4204.18,1.01774e-16,6.50496e-05,4077.26,4.17442e-17,6.51664e-05,3971.26,3.26722e-17,6.54003e-05,3945.83,3.21629e-17,6.55467e-05,3792.68,2.47752e-17,6.63954e-05
0.1,9.8e-05,4145.82,1.01774e-16,6.56584e-05,4019.61,4.17442e-17,6.57753e-05,3914.29,3.26722e-17,6.60083e-05,3889,3.21629e-17,6.61549e-05,3736.83,2.47752e-17,6.70039e-05
0.1,9.9e-05,4088.83,1.01774e-16,6.6266e-05,3963.32,4.17442e-17,6.63829e-05,3858.68,3.26722e-17,6.66149e-05,3833.54,3.21629e-17,6.67618e-05,3682.35,2.47752e-17,6.76108e-05
0.1,0.0001,4033.17,1.01774e-16,6.68725e-05,3908.35,4.17442e-17,6.69892e-05,3804.41,3.26722e-17,6.72202e-05,3779.4,3.21629e-17,6.73672e-05,3629.18,2.47752e-17,6.82161e-05
0.1,0.000101,3978.78,1.01774e-16,6.74777e-05,3854.67,4.17442e-17,6.75943e-05,3751.44,3.26722e-17,6.78241e-05,3726.55,3.21629e-17,6.79713e-05,3577.3,2.47752e-17,6.88199e-05
0.1,0.000102,3925.62,1.01774e-16,6.80818e-05,3802.22,4.17442e-17,6.81981e-05,3699.73,3.26722e-17,6.84267e-05,3674.93,3.21629e-17,6.8574e-05,3526.65,2.47752e-17,6.94221e-05
0.1,0.000103,3873.67,1.01774e-16,6.86847e-05,3750.98,4.17442e-17,6.88007e-05,3649.22,3.26722e-17,6.90279e-05,3624.5,3.21629e-17,6.91753e-05,3477.2,2.47752e-17,7.00227e-05
0.1,0.000104,3822.89,1.01774e-16,6.92864e-05,3700.9,4.17442e-17,6.9402e-05,3599.86,3.26722e-17,6.96278e-05,3575.24,3.21629e-17,6.97752e-05,3428.9,2.47752e-17,7.06217e-05
0.1,0.000105,3773.23,1.01774e-16,6.98869e-05,3651.95,4.17442e-17,7.00021e-05,3551.63,3.26722e-17,7.02263e-05,3527.11,3.21629e-17,7.03737e-05,3381.73,2.47752e-17,7.12191e-05
0.1,0.000106,3724.66,1.01774e-16,7.04862e-05,3604.09,4.17442e-17,7.06009e-05,3504.48,3.26722e-17,7.08235e-05,3480.07,3.21629e-17,7.09709e-05,3335.65,2.47752e-17,7.1815e-05
0.1,0.000107,3677.16,1.01774e-16,7.10843e-05,3557.3,4.17442e-17,7.11984e-05,3458.4,3.26722e-17,7.14193e-05,3434.08,3.21629e-17,7.15666e-05,3290.63,2.47752e-17,7.24093e-05
0.1,0.000108,3630.68,1.01774e-16,7.16813e-05,3511.53,4.17442e-17,7.17947e-05,3413.33,3.26722e-17,7.20138e-05,3389.12,3.21629e-17,7.2161e-05,3246.62,2.47752e-17,7.3002e-05
0.1,0.000109,3585.21,1.01774e-16,7.22771e-05,3466.77,4.17442e-17,7.23898e-05,3369.27,3.26722e-17,7.2607e-05,3345.16,3.21629e-17,7.2754e-05,3203.61,2.47752e-17,7.35931e-05
0.125,9e-05,7153.36,1.01775e-16,6.50758e-05,7001.77,4.17442e-17,6.5304e-05,6895.83,3.2672e-17,6.56358e-05,6876.01,3.21626e-17,6.58005e-05,6729.07,2.47752e-17,6.67841e-05
0.125,9.1e-05,7049.12,1.01775e-16,6.57582e-05,6896.87,4.17442e-17,6.59902e-05,6789.95,3.2672e-17,6.63246e-05,6769.73,3.21627e-17,6.64905e-05,6621.61,2.47752e-17,6.74802e-05
0.125,9.2e-05,6947.28,1.01775e-16,6.64398e-05,6794.42,4.17441e-17,6.66756e-05,6686.59,3.2672e-17,6.70125e-05,6666,3.21627e-17,6.71796e-05,6516.77,2.47752e-17,6.81752e-05
0.125,9.3e-05,6847.77,1.01775e-16,6.71205e-05,6694.36,4.17441e-17,6.73601e-05,6585.68,3.2672e-17,6.76995e-05,6564.72,3.21627e-17,6.78678e-05,6414.46,2.47752e-17,6.88691e-05
0.125,9.4e-05,6750.52,1.01775e-16,6.78004e-05,6596.6,4.17441e-17,6.80437e-05,6487.13,3.2672e-17,6.83856e-05,6465.83,3.21627e-17,6.8555e-05,6314.6,2.47752e-17,6.9562e-05
0.125,9.5e-05,6655.45,1.01775e-16,6.84794e-05,6501.07,4.17441e-17,6.87265e-05,6390.86,3.2672e-17,6.90707e-05,6369.24,3.21627e-17,6.92413e-05,6217.12,2.47752e-17,7.02537e-05
0.125,9.6e-05,6562.5,1.01775e-16,6.91576e-05,6407.71,4.17441e-17,6.94084e-05,6296.82,3.2672e-17,6.97549e-05,6274.9,3.21627e-17,6.99266e-05,6121.94,2.47752e-17,7.09444e-05
0.125,9.7e-05,6471.61,1.01775e-16,6.98349e-05,6316.45,4.17441e-17,7.00894e-05,6204.93,3.2672e-17,7.04382e-05,6182.73,3.21627e-17,7.06109e-05,6028.98,2.47752e-17,7.1634e-05
0.125,9.8e-05,6382.71,1.01775e-16,7.05114e-05,6227.23,4.17441e-17,7.07695e-05,6115.12,3.2672e-17,7.11205e-05,6092.74,3.21627e-17,7.12943e-05,5938.18,2.47752e-17,7.23225e-05
0.125,9.9e-05,6295.74,1.01775e-16,7.1187e-05,6139.98,4.17441e-17,7.14487e-05,6027.34,3.2672e-17,7.18019e-05,6004.78,3.21627e-17,7.19767e-05,5849.47,2.47752e-17,7.30098e-05
0.125,0.0001,6210.65,1.01775e-16,7.18618e-05,6054.64,4.17441e-17,7.21271e-05,5941.53,3.2672e-17,7.24823e-05,5918.79,3.21627e-17,7.26581e-05,5762.79,2.47752e-17,7.36961e-05
0.125,0.000101,6127.38,1.01775e-16,7.25357e-05,5971.16,4.17441e-17,7.28045e-05,5857.66,3.2672e-17,7.31618e-05,5834.71,3.21627e-17,7.33386e-05,5678.08,2.47752e-17,7.43812e-05
0.125,0.000102,6045.88,1.01775e-16,7.32088e-05,5889.49,4.17441e-17,7.34811e-05,5775.66,3.2672e-17,7.38403e-05,5752.48,3.21627e-17,7.4018e-05,5595.28,2.47752e-17,7.50652e-05
0.125,0.000103,5966.1,1.01775e-16,7.3881e-05,5809.57,4.17441e-17,7.41568e-05,5695.44,3.2672e-17,7.45178e-05,5672.05,3.21627e-17,7.46966e-05,5514.34,2.47752e-17,7.57481e-05
0.125,0.000104,5887.98,1.01775e-16,7.45523e-05,5731.35,4.17441e-17,7.48316e-05,5616.95,3.2672e-17,7.51944e-05,5593.37,3.21627e-17,7.53741e-05,5435.19,2.47752e-17,7.64299e-05
0.125,0.000105,5811.49,1.01775e-16,7.52228e-05,5654.79,4.17441e-17,7.55054e-05,5540.16,3.2672e-17,7.58701e-05,5516.38,3.21627e-17,7.60506e-05,5357.79,2.47752e-17,7.71105e-05
0.125,0.000106,5736.57,1.01775e-16,7.58924e-05,5579.83,4.17441e-17,7.61784e-05,5464.99,3.2672e-17,7.65448e-05,5441.04,3.21627e-17,7.67262e-05,5282.08,2.47752e-17,7.779e-05
0.125,0.000107,5663.18,1.01775e-16,7.65612e-05,5506.43,4.17441e-17,7.68505e-05,5391.42,3.2672e-17,7.72185e-05,5367.29,3.21627e-17,7.74007e-05,5208.02,2.47752e-17,7.84684e-05
0.125,0.000108,5591.29,1.01775e-16,7.72291e-05,5434.55,4.17441e-17,7.75217e-05,5319.39,3.2672e-17,7.78912e-05,5295.11,3.21627e-17,7.80743e-05,5135.56,2.47752e-17,7.91457e-05
0.125,0.000109,5520.84,1.01775e-16,7.78961e-05,5364.15,4.17441e-17,7.81919e-05,5248.87,3.2672e-17,7.8563e-05,5224.43,3.21627e-17,7.87469e-05,5064.65,2.47752e-17,7.98218e-05
0.15,9e-05,9508.46,1.01775e-16,6.80788e-05,9413.98,4.17441e-17,6.83553e-05,9408.97,3.26719e-17,6.87124e-05,9418.63,3.21625e-17,6.88802e-05,9429.51,2.47752e-17,6.98977e-05
0.15,9.1e-05,9384.56,1.01775e-16,6.88035e-05,9287.35,4.17441e-17,6.90859e-05,9278.62,3.26719e-17,6.94472e-05,9287.15,3.21625e-17,6.96166e-05,9292.49,2.47752e-17,7.06425e-05
0.15,9.2e-05,9263.23,1.01775e-16,6.95277e-05,9163.37,4.17441e-17,6.98159e-05,9151.03,3.26719e-17,7.01814e-05,9158.46,3.21625e-17,7.03524e-05,9158.44,2.47752e-17,7.13866e-05
0.15,9.3e-05,9144.38,1.01775e-16,7.02512e-05,9041.96,4.17441e-17,7.05453e-05,9026.11,3.26719e-17,7.0915e-05,9032.48,3.21625e-17,7.10875e-05,9027.25,2.47752e-17,7.213e-05
0.15,9.4e-05,9027.94,1.01775e-16,7.09741e-05,8923.04,4.17441e-17,7.12741e-05,8903.79,3.26719e-17,7.16479e-05,8909.13,3.21625e-17,7.1822e-05,8898.85,2.47752e-17,7.28727e-05
0.15,9.5e-05,8913.84,1.01775e-16,7.16964e-05,8806.54,4.17441e-17,7.20023e-05,8784,3.26719e-17,7.23803e-05,8788.34,3.21625e-17,7.25559e-05,8773.15,2.47752e-17,7.36146e-05
0.15,9.6e-05,8802,1.01775e-16,7.24181e-05,8692.38,4.17441e-17,7.27299e-05,8666.66,3.26719e-17,7.3112e-05,8670.03,3.21625e-17,7.32891e-05,8650.08,2.47752e-17,7.43558e-05
0.15,9.7e-05,8692.38,1.01775e-16,7.31392e-05,8580.51,4.17441e-17,7.34569e-05,8551.69,3.26719e-17,7.38431e-05,8554.15,3.21625e-17,7.40217e-05,8529.56,2.47752e-17,7.50963e-05
0.15,9.8e-05,8584.9,1.01775e-16,7.38597e-05,8470.86,4.17441e-17,7.41833e-05,8439.05,3.26719e-17,7.45735e-05,8440.7,3.21625e-17,7.47536e-05,8411.52,2.47752e-17,7.58361e-05
0.15,9.9e-05,8479.51,1.01775e-16,7.45796e-05,8363.37,4.17441e-17,7.49091e-05,8328.65,3.26719e-17,7.53033e-05,8329.54,3.21625e-17,7.54849e-05,8295.9,2.47752e-17,7.65751e-05
0.15,0.0001,8376.14,1.01775e-16,7.52989e-05,8257.97,4.17441e-17,7.56343e-05,8220.45,3.26719e-17,7.60325e-05,8220.57,3.21625e-17,7.62156e-05,8182.61,2.47752e-17,7.73133e-05
0.15,0.000101,8274.75,1.01775e-16,7.60176e-05,8154.61,4.17441e-17,7.63589e-05,8114.43,3.26719e-17,7.6761e-05,8113.75,3.21625e-17,7.69456e-05,8071.61,2.47752e-17,7.80508e-05
0.15,0.000102,8175.27,1.01775e-16,7.67357e-05,8053.24,4.17441e-17,7.70828e-05,8010.51,3.26719e-17,7.74889e-05,8009.01,3.21625e-17,7.76749e-05,7962.82,2.47752e-17,7.87876e-05
0.15,0.000103,8077.66,1.01775e-16,7.74531e-05,7953.8,4.17441e-17,7.78062e-05,7908.59,3.26719e-17,7.82161e-05,7906.3,3.21626e-17,7.84036e-05,7856.19,2.47752e-17,7.95236e-05
0.15,0.000104,7981.87,1.01775e-16,7.81699e-05,7856.23,4.17441e-17,7.85289e-05,7808.63,3.26719e-17,7.89427e-05,7805.57,3.21626e-17,7.91316e-05,7751.66,2.47752e-17,8.02589e-05
0.15,0.000105,7887.85,1.01775e-16,7.88862e-05,7760.5,4.17441e-17,7.92511e-05,7710.56,3.26719e-17,7.96687e-05,7706.76,3.21626e-17,7.98589e-05,7649.17,2.47752e-17,8.09934e-05
0.15,0.000106,7795.55,1.01775e-16,7.96018e-05,7666.55,4.17441e-17,7.99726e-05,7614.35,3.26719e-17,8.0394e-05,7609.82,3.21626e-17,8.05856e-05,7548.67,2.47752e-17,8.17271e-05
0.15,0.000107,7704.93,1.01775e-16,8.03167e-05,7574.34,4.17441e-17,8.06934e-05,7519.94,3.26719e-17,8.11186e-05,7514.71,3.21626e-17,8.13116e-05,7450.11,2.47752e-17,8.24601e-05
0.15,0.000108,7615.95,1.01775e-16,8.10311e-05,7483.81,4.17441e-17,8.14137e-05,7427.29,3.26719e-17,8.18425e-05,7421.37,3.21626e-17,8.20369e-05,7353.44,2.47752e-17,8.31923e-05
0.15,0.000109,7528.56,1.01775e-16,8.17448e-05,7394.94,4.1744e-17,8.21333e-05,7336.35,3.26719e-17,8.25658e-05,7329.77,3.21626e-17,8.27615e-05,7258.61,2.47752e-17,8.39237e-05
0.175,9e-05,11049.5,1.01775e-16,7.04978e-05,11035.6,4.17441e-17,7.07872e-05,11167.9,3.26718e-17,7.11299e-05,11220.1,3.21624e-17,7.12907e-05,11482.1,2.47752e-17,7.22789e-05
0.175,9.1e-05,10924.4,1.01775e-16,7.12523e-05,10906.7,4.17441e-17,7.15488e-05,11033.8,3.26718e-17,7.18964e-05,11084.4,3.21624e-17,7.2059e-05,11337.3,2.47752e-17,7.30566e-05
0.175,9.2e-05,10801.6,1.01775e-16,7.20064e-05,10780.3,4.17441e-17,7.23099e-05,10902.2,3.26718e-17,7.26624e-05,10951.2,3.21624e-17,7.28268e-05,11195.4,2.47752e-17,7.38337e-05
0.175,9.3e-05,10681.1,1.01775e-16,7.276e-05,10656.4,4.17441e-17,7.30705e-05,10773.2,3.26718e-17,7.34281e-05,10820.6,3.21624e-17,7.35941e-05,11056.2,2.47752e-17,7.46104e-05
0.175,9.4e-05,10562.9,1.01775e-16,7.35132e-05,10534.8,4.17441e-17,7.38307e-05,10646.7,3.26718e-17,7.41932e-05,10692.5,3.21624e-17,7.4361e-05,10919.7,2.47752e-17,7.53866e-05
0.175,9.5e-05,10446.9,1.01775e-16,7.42658e-05,10415.4,4.17441e-17,7.45905e-05,10522.5,3.26718e-17,7.4958e-05,10566.8,3.21624e-17,7.51275e-05,10785.7,2.47752e-17,7.61622e-05
0.175,9.6e-05,10333,1.01775e-16,7.50181e-05,10298.2,4.17441e-17,7.53499e-05,10400.5,3.26718e-17,7.57223e-05,10443.4,3.21624e-17,7.58935e-05,10654.2,2.47752e-17,7.69374e-05
0.175,9.7e-05,10221.2,1.01775e-16,7.57698e-05,10183.2,4.17441e-17,7.61088e-05,10280.9,3.26718e-17,7.64861e-05,10322.3,3.21624e-17,7.6659e-05,10525.2,2.47752e-17,7.77121e-05
0.175,9.8e-05,10111.4,1.01775e-16,7.65211e-05,10070.2,4.17441e-17,7.68673e-05,10163.4,3.26718e-17,7.72495e-05,10203.5,3.21624e-17,7.74241e-05,10398.6,2.47752e-17,7.84862e-05
0.175,9.9e-05,10003.5,1.01775e-16,7.72719e-05,9959.28,4.17441e-17,7.76253e-05,10048,3.26718e-17,7.80125e-05,10086.9,3.21624e-17,7.81888e-05,10274.3,2.47752e-17,7.92599e-05
0.175,0.0001,9897.53,1.01775e-16,7.80222e-05,9850.31,4.17441e-17,7.83829e-05,9934.72,3.26718e-17,7.8775e-05,9972.32,3.21624e-17,7.8953e-05,10152.2,2.47752e-17,8.0033e-05
0.175,0.000101,9793.42,1.01775e-16,7.8772e-05,9743.25,4.17441e-17,7.914e-05,9823.48,3.26718e-17,7.95371e-05,9859.78,3.21624e-17,7.97167e-05,10032.3,2.47752e-17,8.08056e-05
0.175,0.000102,9691.1,1.01775e-16,7.95214e-05,9638.05,4.17441e-17,7.98967e-05,9714.22,3.26718e-17,8.02987e-05,9749.22,3.21624e-17,8.04799e-05,9914.56,2.47752e-17,8.15777e-05
0.175,0.000103,9590.54,1.01775e-16,8.02703e-05,9534.66,4.17441e-17,8.0653e-05,9606.85,3.26718e-17,8.10598e-05,9640.57,3.21624e-17,8.12427e-05,9798.88,2.47752e-17,8.23492e-05
0.175,0.000104,9491.68,1.01775e-16,8.10188e-05,9433.04,4.1744e-17,8.14088e-05,9501.31,3.26718e-17,8.18205e-05,9533.78,3.21625e-17,8.20051e-05,9685.21,2.47752e-17,8.31202e-05
0.175,0.000105,9394.48,1.01775e-16,8.17668e-05,9333.13,4.1744e-17,8.21641e-05,9397.58,3.26718e-17,8.25807e-05,9428.82,3.21625e-17,8.27669e-05,9573.52,2.47752e-17,8.38907e-05
0.175,0.000106,9298.91,1.01775e-16,8.25143e-05,9234.91,4.1744e-17,8.2919e-05,9295.59,3.26718e-17,8.33405e-05,9325.64,3.21625e-17,8.35283e-05,9463.74,2.47752e-17,8.46607e-05
0.175,0.000107,9204.9,1.01775e-16,8.32613e-05,9138.31,4.1744e-17,8.36735e-05,9195.31,3.26718e-17,8.40998e-05,9224.18,3.21625e-17,8.42892e-05,9355.83,2.47752e-17,8.54302e-05
0.175,0.000108,9112.44,1.01775e-16,8.40078e-05,9043.31,4.1744e-17,8.44274e-05,9096.69,3.26718e-17,8.48586e-05,9124.41,3.21625e-17,8.50497e-05,9249.75,2.47752e-17,8.61991e-05
0.175,0.000109,9021.48,1.01775e-16,8.47539e-05,8949.86,4.1744e-17,8.5181e-05,8999.69,3.26718e-17,8.5617e-05,9026.29,3.21625e-17,8.58097e-05,9145.45,2.47752e-17,8.69674e-05
0.2,9e-05,11816.7,1.01775e-16,7.26755e-05,11854,4.17441e-17,7.29622e-05,12089.3,3.26718e-17,7.327e-05,12180.8,3.21624e-17,7.34177e-05,12679.9,2.47752e-17,7.43388e-05
0.2,9.1e-05,11697.9,1.01775e-16,7.34535e-05,11731.7,4.17441e-17,7.37479e-05,11961.6,3.26718e-17,7.40608e-05,12051.2,3.21624e-17,7.42103e-05,12539.8,2.47752e-17,7.5141e-05
0.2,9.2e-05,11581.3,1.01775e-16,7.42311e-05,11611.6,4.17441e-17,7.45331e-05,11836.2,3.26718e-17,7.48513e-05,11924,3.21624e-17,7.50025e-05,12402.3,2.47752e-17,7.59429e-05
0.2,9.3e-05,11466.9,1.01775e-16,7.50083e-05,11493.8,4.17441e-17,7.5318e-05,11713.1,3.26718e-17,7.56415e-05,11799.1,3.21624e-17,7.57944e-05,12267.4,2.47752e-17,7.67445e-05
0.2,9.4e-05,11354.5,1.01775e-16,7.5785e-05,11378,4.17441e-17,7.61026e-05,11592.3,3.26718e-17,7.64313e-05,11676.5,3.21624e-17,7.6586e-05,12134.9,2.47752e-17,7.75456e-05
0.2,9.5e-05,11244.2,1.01775e-16,7.65614e-05,11264.4,4.17441e-17,7.68868e-05,11473.6,3.26718e-17,7.72207e-05,11556,3.21624e-17,7.73772e-05,12004.8,2.47752e-17,7.83463e-05
0.2,9.6e-05,11135.8,1.01775e-16,7.73374e-05,11152.8,4.17441e-17,7.76706e-05,11357.1,3.26718e-17,7.80098e-05,11437.8,3.21624e-17,7.8168e-05,11877,2.47752e-17,7.91467e-05
0.2,9.7e-05,11029.3,1.01775e-16,7.81129e-05,11043.2,4.17441e-17,7.84541e-05,11242.6,3.26718e-17,7.87985e-05,11321.6,3.21624e-17,7.89585e-05,11751.5,2.47752e-17,7.99466e-05
0.2,9.8e-05,10924.7,1.01775e-16,7.8888e-05,10935.4,4.17441e-17,7.92372e-05,11130.1,3.26718e-17,7.95869e-05,11207.6,3.21624e-17,7.97487e-05,11628.1,2.47752e-17,8.07462e-05
0.2,9.9e-05,10821.9,1.01775e-16,7.96628e-05,10829.6,4.17441e-17,8.00199e-05,11019.5,3.26718e-17,8.0375e-05,11095.5,3.21624e-17,8.05384e-05,11506.9,2.47752e-17,8.15454e-05
0.2,0.0001,10720.8,1.01775e-16,8.04371e-05,10725.5,4.17441e-17,8.08023e-05,10910.8,3.26718e-17,8.11626e-05,10985.4,3.21624e-17,8.13279e-05,11387.8,2.47752e-17,8.23442e-05
0.2,0.000101,10621.5,1.01775e-16,8.1211e-05,10623.1,4.17441e-17,8.15843e-05,10804,3.26718e-17,8.195e-05,10877.1,3.21624e-17,8.21169e-05,11270.6,2.47752e-17,8.31425e-05
0.2,0.000102,10523.7,1.01775e-16,8.19845e-05,10522.5,4.1744e-17,8.23659e-05,10699,3.26718e-17,8.27369e-05,10770.5,3.21624e-17,8.29056e-05,11155.4,2.47752e-17,8.39405e-05
0.2,0.000103,10427.6,1.01775e-16,8.27576e-05,10423.6,4.1744e-17,8.31472e-05,10595.8,3.26718e-17,8.35235e-05,10665.8,3.21624e-17,8.36939e-05,11042.2,2.47752e-17,8.47381e-05
0.2,0.000104,10333.1,1.01775e-16,8.35303e-05,10326.2,4.1744e-17,8.39281e-05,10494.2,3.26718e-17,8.43098e-05,10562.7,3.21624e-17,8.44819e-05,10930.7,2.47752e-17,8.55353e-05
0.2,0.000105,10240.1,1.01775e-16,8.43026e-05,10230.4,4.1744e-17,8.47087e-05,10394.2,3.26718e-17,8.50956e-05,10461.3,3.21624e-17,8.52695e-05,10821.1,2.47752e-17,8.63321e-05
0.2,0.000106,10148.6,1.01775e-16,8.50745e-05,10136.2,4.1744e-17,8.54889e-05,10295.9,3.26718e-17,8.58812e-05,10361.6,3.21624e-17,8.60567e-05,10713.3,2.47752e-17,8.71285e-05
0.2,0.000107,10058.5,1.01775e-16,8.5846e-05,10043.4,4.1744e-17,8.62687e-05,10199.1,3.26718e-17,8.66663e-05,10263.4,3.21624e-17,8.68436e-05,10607.1,2.47752e-17,8.79245e-05
0.2,0.000108,9969.83,1.01775e-16,8.66171e-05,9952.12,4.1744e-17,8.70482e-05,10103.8,3.26718e-17,8.74511e-05,10166.7,3.21624e-17,8.76301e-05,10502.7,2.47752e-17,8.872e-05
0.2,0.000109,9882.54,1.01775e-16,8.73878e-05,9862.23,4.1744e-17,8.78272e-05,10010,3.26718e-17,8.82356e-05,10071.5,3.21624e-17,8.84163e-05,10399.8,2.47752e-17,8.95152e-05
0.225,9e-05,12133.1,1.01775e-16,7.47589e-05,12191.4,4.17441e-17,7.5037e-05,12487.3,3.26717e-17,7.52995e-05,12609.1,3.21623e-17,7.54296e-05,13291.3,2.47752e-17,7.62587e-05
0.225,9.1e-05,12021.2,1.01775e-16,7.55571e-05,12076.4,4.17441e-17,7.58433e-05,12367.2,3.26717e-17,7.6111e-05,12487,3.21623e-17,7.62428e-05,13158.3,2.47752e-17,7.70813e-05
0.225,9.2e-05,11911.5,1.01775e-16,7.63549e-05,11963.6,4.17441e-17,7.66492e-05,12249.3,3.26717e-17,7.69221e-05,12367.2,3.21623e-17,7.70556e-05,13027.9,2.47752e-17,7.79037e-05
0.225,9.3e-05,11803.8,1.01775e-16,7.71523e-05,11852.8,4.17441e-17,7.74548e-05,12133.6,3.26717e-17,7.77329e-05,12249.6,3.21623e-17,7.78682e-05,12899.8,2.47752e-17,7.87257e-05
0.225,9.4e-05,11698,1.01775e-16,7.79493e-05,11744,4.17441e-17,7.826e-05,12020,3.26717e-17,7.85434e-05,12134.2,3.21623e-17,7.86804e-05,12774.1,2.47752e-17,7.95473e-05
0.225,9.5e-05,11594.1,1.01775e-16,7.87459e-05,11637.2,4.17441e-17,7.90649e-05,11908.5,3.26717e-17,7.93536e-05,12020.8,3.21623e-17,7.94923e-05,12650.5,2.47752e-17,8.03686e-05
0.225,9.6e-05,11492.1,1.01775e-16,7.95422e-05,11532.3,4.17441e-17,7.98694e-05,11798.9,3.26717e-17,8.01635e-05,11909.4,3.21623e-17,8.03039e-05,12529.2,2.47752e-17,8.11896e-05
0.225,9.7e-05,11391.9,1.01775e-16,8.0338e-05,11429.2,4.17441e-17,8.06737e-05,11691.2,3.26717e-17,8.0973e-05,11800,3.21623e-17,8.11152e-05,12410,2.47752e-17,8.20102e-05
0.225,9.8e-05,11293.4,1.01775e-16,8.11334e-05,11328,4.17441e-17,8.14776e-05,11585.4,3.26717e-17,8.17822e-05,11692.6,3.21623e-17,8.19262e-05,12292.8,2.47752e-17,8.28305e-05
0.225,9.9e-05,11196.6,1.01775e-16,8.19285e-05,11228.4,4.17441e-17,8.22811e-05,11481.4,3.26717e-17,8.25911e-05,11587,3.21623e-17,8.27368e-05,12177.7,2.47752e-17,8.36505e-05
0.225,0.0001,11101.4,1.01775e-16,8.27231e-05,11130.5,4.17441e-17,8.30843e-05,11379.1,3.26717e-17,8.33997e-05,11483.2,3.21623e-17,8.35471e-05,12064.5,2.47752e-17,8.44701e-05
0.225,0.000101,11007.8,1.01775e-16,8.35174e-05,11034.3,4.1744e-17,8.38872e-05,11278.7,3.26717e-17,8.4208e-05,11381.2,3.21623e-17,8.43571e-05,11953.1,2.47752e-17,8.52894e-05
0.225,0.000102,10915.8,1.01775e-16,8.43112e-05,10939.7,4.1744e-17,8.46897e-05,11179.9,3.26717e-17,8.5016e-05,11280.8,3.21623e-17,8.51668e-05,11843.6,2.47752e-17,8.61083e-05
0.225,0.000103,10825.3,1.01775e-16,8.51047e-05,10846.6,4.1744e-17,8.5492e-05,11082.7,3.26717e-17,8.58236e-05,11182.1,3.21623e-17,8.59762e-05,11735.9,2.47752e-17,8.69269e-05
0.225,0.000104,10736.3,1.01775e-16,8.58978e-05,10755.1,4.1744e-17,8.62938e-05,10987.1,3.26717e-17,8.66309e-05,11084.9,3.21623e-17,8.67852e-05,11630,2.47752e-17,8.77452e-05
0.225,0.000105,10648.7,1.01775e-16,8.66906e-05,10665,4.1744e-17,8.70954e-05,10893.1,3.26717e-17,8.74379e-05,10989.3,3.21623e-17,8.75939e-05,11525.7,2.47752e-17,8.85631e-05
0.225,0.000106,10562.5,1.01775e-16,8.74829e-05,10576.3,4.1744e-17,8.78966e-05,10800.5,3.26717e-17,8.82446e-05,10895.2,3.21623e-17,8.84023e-05,11423.1,2.47752e-17,8.93807e-05
0.225,0.000107,10477.6,1.01775e-16,8.82749e-05,10489,4.1744e-17,8.86975e-05,10709.3,3.26717e-17,8.9051e-05,10802.6,3.21623e-17,8.92104e-05,11322,2.47752e-17,9.01979e-05
0.225,0.000108,10394.1,1.01775e-16,8.90664e-05,10403.1,4.1744e-17,8.9498e-05,10619.6,3.26717e-17,8.98571e-05,10711.4,3.21623e-17,9.00182e-05,11222.6,2.47752e-17,9.10148e-05
0.225,0.000109,10311.9,1.01775e-16,8.98576e-05,10318.5,4.1744e-17,9.02983e-05,10531.2,3.26717e-17,9.06628e-05,10621.6,3.21623e-17,9.08257e-05,11124.7,2.47752e-17,9.18314e-05
0.25,9e-05,12241.1,1.01776e-16,7.68085e-05,12304.3,4.17441e-17,7.70762e-05,12634.6,3.26717e-17,7.72876e-05,12779.2,3.21623e-17,7.73967e-05,13598.9,2.47752e-17,7.81155e-05
0.25,9.1e-05,12134.9,1.01776e-16,7.76251e-05,12195.2,4.17441e-17,7.79013e-05,12520.7,3.26717e-17,7.81177e-05,12663.4,3.21623e-17,7.82285e-05,13472,2.47752e-17,7.89563e-05
0.25,9.2e-05,12030.6,1.01776e-16,7.84414e-05,12088.2,4.17441e-17,7.8726e-05,12409,3.26717e-17,7.89475e-05,12549.7,3.21623e-17,7.90599e-05,13347.5,2.47752e-17,7.97967e-05
0.25,9.3e-05,11928.3,1.01776e-16,7.92572e-05,11983.1,4.17441e-17,7.95503e-05,12299.3,3.26717e-17,7.97769e-05,12438.1,3.21623e-17,7.9891e-05,13225.2,2.47752e-17,8.06368e-05
0.25,9.4e-05,11827.9,1.01776e-16,8.00726e-05,11880,4.17441e-17,8.03743e-05,12191.6,3.26717e-17,8.06061e-05,12328.5,3.21623e-17,8.07218e-05,13105.2,2.47752e-17,8.14766e-05
0.25,9.5e-05,11729.2,1.01776e-16,8.08877e-05,11778.8,4.17441e-17,8.11979e-05,12085.9,3.26717e-17,8.14349e-05,12220.9,3.21623e-17,8.15523e-05,12987.4,2.47752e-17,8.23161e-05
0.25,9.6e-05,11632.4,1.01776e-16,8.17022e-05,11679.3,4.17441e-17,8.20212e-05,11982.1,3.26717e-17,8.22634e-05,12115.3,3.21623e-17,8.23824e-05,12871.6,2.47752e-17,8.31552e-05
0.25,9.7e-05,11537.3,1.01776e-16,8.25164e-05,11581.7,4.17441e-17,8.28442e-05,11880.1,3.26717e-17,8.30916e-05,12011.6,3.21623e-17,8.32123e-05,12757.9,2.47752e-17,8.3994e-05
0.25,9.8e-05,11443.8,1.01776e-16,8.33302e-05,11485.7,4.17441e-17,8.36668e-05,11779.8,3.26717e-17,8.39194e-05,11909.7,3.21623e-17,8.40418e-05,12646.2,2.47752e-17,8.48325e-05
0.25,9.9e-05,11351.9,1.01776e-16,8.41436e-05,11391.4,4.17441e-17,8.4489e-05,11681.4,3.26717e-17,8.4747e-05,11809.6,3.21623e-17,8.4871e-05,12536.3,2.47752e-17,8.56706e-05
0.25,0.0001,11261.6,1.01776e-16,8.49566e-05,11298.7,4.1744e-17,8.5311e-05,11584.6,3.26717e-17,8.55742e-05,11711.2,3.21623e-17,8.56999e-05,12428.4,2.47752e-17,8.65085e-05
0.25,0.000101,11172.9,1.01776e-16,8.57692e-05,11207.6,4.1744e-17,8.61326e-05,11489.4,3.26717e-17,8.64011e-05,11614.5,3.21623e-17,8.65285e-05,12322.3,2.47752e-17,8.7346e-05
0.25,0.000102,11085.6,1.01776e-16,8.65814e-05,11117.9,4.1744e-17,8.69538e-05,11395.9,3.26717e-17,8.72277e-05,11519.3,3.21623e-17,8.73567e-05,12217.9,2.47752e-17,8.81832e-05
0.25,0.000103,10999.8,1.01776e-16,8.73931e-05,11029.8,4.1744e-17,8.77747e-05,11304,3.26717e-17,8.8054e-05,11425.8,3.21623e-17,8.81847e-05,12115.2,2.47752e-17,8.902e-05
0.25,0.000104,10915.4,1.01776e-16,8.82045e-05,10943.1,4.1744e-17,8.85953e-05,11213.5,3.26717e-17,8.888e-05,11333.7,3.21623e-17,8.90124e-05,12014.2,2.47752e-17,8.98566e-05
0.25,0.000105,10832.3,1.01776e-16,8.90156e-05,10857.8,4.1744e-17,8.94156e-05,11124.5,3.26717e-17,8.97057e-05,11243.1,3.21623e-17,8.98397e-05,11914.9,2.47752e-17,9.06928e-05
0.25,0.000106,10750.6,1.01776e-16,8.98262e-05,10773.9,4.1744e-17,9.02355e-05,11036.9,3.26717e-17,9.05311e-05,11154,3.21623e-17,9.06667e-05,11817.1,2.47752e-17,9.15288e-05
0.25,0.000107,10670.1,1.01776e-16,9.06364e-05,10691.3,4.1744e-17,9.10551e-05,10950.6,3.26717e-17,9.13561e-05,11066.3,3.21623e-17,9.14935e-05,11720.8,2.47752e-17,9.23644e-05
0.25,0.000108,10591,1.01776e-16,9.14463e-05,10610,4.1744e-17,9.18744e-05,10865.8,3.26717e-17,9.21809e-05,10979.9,3.21623e-17,9.23199e-05,11626.1,2.47752e-17,9.31996e-05
0.25,0.000109,10513,1.01776e-16,9.22557e-05,10530,4.1744e-17,9.26933e-05,10782.2,3.26717e-17,9.30054e-05,10894.9,3.21623e-17,9.3146e-05,11532.8,2.47752e-17,9.40346e-05
0.275,9e-05,12265.4,1.01776e-16,7.88481e-05,12327,4.17441e-17,7.91054e-05,12679,3.26716e-17,7.92619e-05,12841.8,3.21622e-17,7.93473e-05,13769.8,2.47752e-17,7.99411e-05
0.275,9.1e-05,12163.4,1.01776e-16,7.96822e-05,12222.3,4.17441e-17,7.99482e-05,12569.8,3.26716e-17,8.01096e-05,12730.5,3.21622e-17,8.01964e-05,13647.3,2.47752e-17,8.07987e-05
0.275,9.2e-05,12063.2,1.01776e-16,8.05159e-05,12119.6,4.17441e-17,8.07906e-05,12462.5,3.26716e-17,8.09568e-05,12621.3,3.21622e-17,8.10453e-05,13527,2.47752e-17,8.16559e-05
0.275,9.3e-05,11965,1.01776e-16,8.13491e-05,12018.9,4.17441e-17,8.16326e-05,12357.3,3.26716e-17,8.18038e-05,12514.1,3.21622e-17,8.18938e-05,13409,2.47752e-17,8.25128e-05
0.275,9.4e-05,11868.5,1.01776e-16,8.21819e-05,11920,4.17441e-17,8.24742e-05,12254.1,3.26716e-17,8.26504e-05,12408.9,3.21622e-17,8.27419e-05,13293.2,2.47752e-17,8.33693e-05
0.275,9.5e-05,11773.9,1.01776e-16,8.30142e-05,11822.9,4.17441e-17,8.33155e-05,12152.7,3.26716e-17,8.34966e-05,12305.6,3.21622e-17,8.35897e-05,13179.5,2.47752e-17,8.42255e-05
0.275,9.6e-05,11680.9,1.01776e-16,8.38461e-05,11727.5,4.17441e-17,8.41564e-05,12053.1,3.26716e-17,8.43425e-05,12204.2,3.21622e-17,8.44372e-05,13067.8,2.47752e-17,8.50814e-05
0.275,9.7e-05,11589.6,1.01776e-16,8.46776e-05,11633.9,4.17441e-17,8.49969e-05,11955.3,3.26716e-17,8.51881e-05,12104.7,3.21622e-17,8.52843e-05,12958.2,2.47752e-17,8.59369e-05
0.275,9.8e-05,11499.9,1.01776e-16,8.55086e-05,11541.9,4.17441e-17,8.58371e-05,11859.3,3.26716e-17,8.60333e-05,12006.9,3.21622e-17,8.61311e-05,12850.4,2.47752e-17,8.67921e-05
0.275,9.9e-05,11411.8,1.01776e-16,8.63391e-05,11451.5,4.1744e-17,8.66768e-05,11764.9,3.26716e-17,8.68782e-05,11910.9,3.21622e-17,8.69776e-05,12744.5,2.47752e-17,8.7647e-05
0.275,0.0001,11325.1,1.01776e-16,8.71693e-05,11362.7,4.1744e-17,8.75163e-05,11672.1,3.26716e-17,8.77228e-05,11816.6,3.21622e-17,8.78237e-05,12640.5,2.47752e-17,8.85015e-05
0.275,0.000101,11240,1.01776e-16,8.7999e-05,11275.4,4.1744e-17,8.83553e-05,11581,3.26716e-17,8.85671e-05,11723.8,3.21622e-17,8.86695e-05,12538.2,2.47752e-17,8.93557e-05
0.275,0.000102,11156.3,1.01776e-16,8.88283e-05,11189.5,4.1744e-17,8.91941e-05,11491.5,3.26716e-17,8.9411e-05,11632.6,3.21622e-17,8.9515e-05,12437.6,2.47752e-17,9.02096e-05
0.275,0.000103,11074,1.01776e-16,8.96572e-05,11105.1,4.1744e-17,9.00324e-05,11403.4,3.26716e-17,9.02546e-05,11542.9,3.21622e-17,9.03602e-05,12338.7,2.47752e-17,9.10632e-05
0.275,0.000104,10993,1.01776e-16,9.04857e-05,11022.1,4.1744e-17,9.08704e-05,11316.8,3.26716e-17,9.10978e-05,11454.7,3.21622e-17,9.1205e-05,12241.4,2.47752e-17,9.19164e-05
0.275,0.000105,10913.4,1.01776e-16,9.13137e-05,10940.5,4.1744e-17,9.17081e-05,11231.5,3.26716e-17,9.19408e-05,11367.9,3.21622e-17,9.20495e-05,12145.8,2.47752e-17,9.27693e-05
0.275,0.000106,10835.1,1.01776e-16,9.21414e-05,10860.1,4.1744e-17,9.25454e-05,11147.7,3.26716e-17,9.27834e-05,11282.5,3.21622e-17,9.28938e-05,12051.6,2.47752e-17,9.36219e-05
0.275,0.000107,10758,1.01776e-16,9.29686e-05,10781.1,4.1744e-17,9.33823e-05,11065.2,3.26716e-17,9.36257e-05,11198.5,3.21622e-17,9.37376e-05,11959,2.47752e-17,9.44742e-05
0.275,0.000108,10682.1,1.01776e-16,9.37954e-05,10703.3,4.1744e-17,9.42189e-05,10984,3.26716e-17,9.44677e-05,11115.7,3.21622e-17,9.45812e-05,11867.8,2.47752e-17,9.53262e-05
0.275,0.000109,10607.5,1.01776e-16,9.46218e-05,10626.7,4.1744e-17,9.50552e-05,10904,3.26716e-17,9.53094e-05,11034.3,3.21622e-17,9.54245e-05,11778,2.47752e-17,9.61778e-05
0.3,9e-05,12261.5,1.01776e-16,8.08865e-05,12319.7,4.17441e-17,8.11339e-05,12688,3.26716e-17,8.12326e-05,12866,3.21622e-17,8.12918e-05,13885.2,2.47752e-17,8.17485e-05
0.3,9.1e-05,12162.6,1.01776e-16,8.17374e-05,12218.3,4.17441e-17,8.19938e-05,12582.1,3.26716e-17,8.20971e-05,12757.9,3.21622e-17,8.21577e-05,13765.6,2.47752e-17,8.2622e-05
0.3,9.2e-05,12065.5,1.01776e-16,8.25879e-05,12118.8,4.17441e-17,8.28532e-05,12478.2,3.26716e-17,8.29612e-05,12652,3.21622e-17,8.30232e-05,13648.4,2.47752e-17,8.34951e-05
0.3,9.3e-05,11970.3,1.01776e-16,8.34378e-05,12021.2,4.17441e-17,8.37122e-05,12376.2,3.26716e-17,8.38249e-05,12548,3.21622e-17,8.38883e-05,13533.3,2.47752e-17,8.43679e-05
0.3,9.4e-05,11876.8,1.01776e-16,8.42873e-05,11925.4,4.17441e-17,8.45708e-05,12276.1,3.26716e-17,8.46882e-05,12446,3.21622e-17,8.47531e-05,13420.4,2.47752e-17,8.52404e-05
0.3,9.5e-05,11785,1.01776e-16,8.51363e-05,11831.3,4.17441e-17,8.5429e-05,12177.9,3.26716e-17,8.55512e-05,12345.8,3.21622e-17,8.56174e-05,13309.6,2.47752e-17,8.61124e-05
0.3,9.6e-05,11694.9,1.01776e-16,8.59848e-05,11739,4.17441e-17,8.62867e-05,12081.4,3.26716e-17,8.64137e-05,12247.5,3.21622e-17,8.64814e-05,13200.7,2.47752e-17,8.69841e-05
0.3,9.7e-05,11606.5,1.01776e-16,8.68328e-05,11648.3,4.17441e-17,8.71441e-05,11986.7,3.26716e-17,8.72759e-05,12150.9,3.21622e-17,8.73451e-05,13093.9,2.47752e-17,8.78555e-05
0.3,9.8e-05,11519.6,1.01776e-16,8.76803e-05,11559.3,4.1744e-17,8.80011e-05,11893.7,3.26716e-17,8.81378e-05,12056.2,3.21622e-17,8.82084e-05,12988.9,2.47752e-17,8.87264e-05
0.3,9.9e-05,11434.2,1.01776e-16,8.85274e-05,11471.8,4.1744e-17,8.88576e-05,11802.3,3.26716e-17,8.89993e-05,11963.1,3.21622e-17,8.90713e-05,12885.7,2.47752e-17,8.95971e-05
0.3,0.0001,11350.3,1.01776e-16,8.9374e-05,11385.8,4.1744e-17,8.97138e-05,11712.4,3.26716e-17,8.98604e-05,11871.6,3.21622e-17,8.99338e-05,12784.4,2.47752e-17,9.04674e-05
0.3,0.000101,11267.9,1.01776e-16,9.02201e-05,11301.3,4.1744e-17,9.05696e-05,11624.2,3.26716e-17,9.07211e-05,11781.8,3.21622e-17,9.0796e-05,12684.8,2.47752e-17,9.13373e-05
0.3,0.000102,11186.8,1.01776e-16,9.10658e-05,11218.2,4.1744e-17,9.14249e-05,11537.5,3.26716e-17,9.15815e-05,11693.4,3.21622e-17,9.16579e-05,12586.9,2.47752e-17,9.22069e-05
0.3,0.000103,11107.1,1.01776e-16,9.1911e-05,11136.6,4.1744e-17,9.22799e-05,11452.3,3.26716e-17,9.24416e-05,11606.5,3.21622e-17,9.25194e-05,12490.6,2.47752e-17,9.30762e-05
0.3,0.000104,11028.8,1.01776e-16,9.27557e-05,11056.3,4.1744e-17,9.31345e-05,11368.5,3.26716e-17,9.33013e-05,11521,3.21622e-17,9.33806e-05,12395.9,2.47752e-17,9.39451e-05
0.3,0.000105,10951.7,1.01776e-16,9.36e-05,10977.3,4.1744e-17,9.39888e-05,11286,3.26716e-17,9.41606e-05,11437,3.21622e-17,9.42414e-05,12302.8,2.47752e-17,9.48137e-05
0.3,0.000106,10875.9,1.01776e-16,9.44439e-05,10899.6,4.1744e-17,9.48426e-05,11204.9,3.26716e-17,9.50196e-05,11354.3,3.21622e-17,9.51019e-05,12211.2,2.47752e-17,9.56819e-05
0.3,0.000107,10801.3,1.01776e-16,9.52873e-05,10823.1,4.1744e-17,9.56961e-05,11125.1,3.26716e-17,9.58783e-05,11272.9,3.21622e-17,9.5962e-05,12121.1,2.47752e-17,9.65498e-05
0.3,0.000108,10727.9,1.01776e-16,9.61302e-05,10747.9,4.1744e-17,9.65492e-05,11046.6,3.26716e-17,9.67366e-05,11192.9,3.21622e-17,9.68218e-05,12032.4,2.47752e-17,9.74174e-05
0.3,0.000109,10655.6,1.01776e-16,9.69728e-05,10673.9,4.1744e-17,9.74019e-05,10969.3,3.26716e-17,9.75946e-05,11114.1,3.21622e-17,9.76813e-05,11945.1,2.47752e-17,9.82846e-05
0.325,9e-05,12252.2,1.01776e-16,8.29261e-05,12307,4.17441e-17,8.31642e-05,12689.6,3.26716e-17,8.32028e-05,12881,3.21621e-17,8.32336e-05,13981.4,2.47752e-17,8.35423e-05
0.325,9.1e-05,12155.6,1.01776e-16,8.37935e-05,12208,4.17441e-17,8.40407e-05,12586.1,3.26716e-17,8.40836e-05,12775.4,3.21621e-17,8.41157e-05,13863.9,2.47752e-17,8.44313e-05
0.325,9.2e-05,12060.8,1.01776e-16,8.46603e-05,12110.9,4.17441e-17,8.49167e-05,12484.6,3.26716e-17,8.4964e-05,12671.7,3.21621e-17,8.49974e-05,13748.6,2.47752e-17,8.53198e-05
0.325,9.3e-05,11967.8,1.01776e-16,8.55265e-05,12015.7,4.17441e-17,8.57923e-05,12385,3.26716e-17,8.5844e-05,12570.1,3.21621e-17,8.58787e-05,13635.5,2.47752e-17,8.62079e-05
0.325,9.4e-05,11876.6,1.01776e-16,8.63922e-05,11922.2,4.17441e-17,8.66674e-05,12287.2,3.26716e-17,8.67236e-05,12470.3,3.21621e-17,8.67595e-05,13524.6,2.47752e-17,8.70956e-05
0.325,9.5e-05,11787,1.01776e-16,8.72574e-05,11830.4,4.17441e-17,8.7542e-05,12191.3,3.26716e-17,8.76027e-05,12372.4,3.21621e-17,8.764e-05,13415.7,2.47752e-17,8.79829e-05
0.325,9.6e-05,11699.1,1.01776e-16,8.8122e-05,11740.3,4.17441e-17,8.84162e-05,12097.1,3.26716e-17,8.84815e-05,12276.3,3.21621e-17,8.852e-05,13308.7,2.47752e-17,8.88699e-05
0.325,9.7e-05,11612.7,1.01776e-16,8.89861e-05,11651.9,4.1744e-17,8.92899e-05,12004.6,3.26716e-17,8.93598e-05,12181.9,3.21621e-17,8.93996e-05,13203.8,2.47752e-17,8.97564e-05
0.325,9.8e-05,11527.9,1.01776e-16,8.98497e-05,11565,4.1744e-17,9.01632e-05,11913.8,3.26716e-17,9.02377e-05,12089.3,3.21621e-17,9.02788e-05,13100.7,2.47752e-17,9.06425e-05
0.325,9.9e-05,11444.6,1.01776e-16,9.07127e-05,11479.6,4.1744e-17,9.1036e-05,11824.5,3.26716e-17,9.11152e-05,11998.4,3.21621e-17,9.11577e-05,12999.4,2.47752e-17,9.15283e-05
0.325,0.0001,11362.8,1.01776e-16,9.15752e-05,11395.8,4.1744e-17,9.19084e-05,11736.9,3.26716e-17,9.19923e-05,11909,3.21621e-17,9.20361e-05,12899.9,2.47752e-17,9.24137e-05
0.325,0.000101,11282.3,1.01776e-16,9.24373e-05,11313.4,4.1744e-17,9.27803e-05,11650.8,3.26716e-17,9.28691e-05,11821.2,3.21621e-17,9.29141e-05,12802.1,2.47752e-17,9.32987e-05
0.325,0.000102,11203.3,1.01776e-16,9.32988e-05,11232.4,4.1744e-17,9.36519e-05,11566.2,3.26716e-17,9.37454e-05,11734.9,3.21621e-17,9.37918e-05,12706,2.47752e-17,9.41834e-05
0.325,0.000103,11125.6,1.01776e-16,9.41598e-05,11152.7,4.1744e-17,9.4523e-05,11483,3.26716e-17,9.46213e-05,11650,3.21621e-17,9.4669e-05,12611.5,2.47752e-17,9.50676e-05
0.325,0.000104,11049.1,1.01776e-16,9.50203e-05,11074.4,4.1744e-17,9.53936e-05,11401.2,3.26716e-17,9.54969e-05,11566.5,3.21621e-17,9.55459e-05,12518.6,2.47752e-17,9.59516e-05
0.325,0.000105,10974,1.01776e-16,9.58803e-05,10997.4,4.1744e-17,9.62639e-05,11320.8,3.26716e-17,9.6372e-05,11484.5,3.21621e-17,9.64224e-05,12427.2,2.47752e-17,9.68351e-05
0.325,0.000106,10900,1.01776e-16,9.67398e-05,10921.7,4.1744e-17,9.71337e-05,11241.7,3.26716e-17,9.72468e-05,11403.7,3.21621e-17,9.72986e-05,12337.3,2.47752e-17,9.77183e-05
0.325,0.000107,10827.3,1.01776e-16,9.75989e-05,10847.2,4.1744e-17,9.80032e-05,11163.8,3.26716e-17,9.81212e-05,11324.3,3.21621e-17,9.81743e-05,12248.9,2.47752e-17,9.86011e-05
0.325,0.000108,10755.7,1.01776e-16,9.84574e-05,10773.8,4.1744e-17,9.88722e-05,11087.2,3.26716e-17,9.89953e-05,11246.2,3.21621e-17,9.90497e-05,12161.9,2.47752e-17,9.94836e-05
0.325,0.000109,10685.3,1.01776e-16,9.93155e-05,10701.7,4.1744e-17,9.97408e-05,11011.8,3.26716e-17,9.98689e-05,11169.3,3.21621e-17,9.99247e-05,12076.3,2.47752e-17,0.000100366
0.35,9e-05,12245.8,1.01776e-16,8.49672e-05,12298.1,4.17441e-17,8.51963e-05,12694.4,3.26715e-17,8.51724e-05,12898.2,3.21621e-17,8.5173e-05,14073.8,2.47752e-17,8.53242e-05
0.35,9.1e-05,12151,1.01776e-16,8.58506e-05,12201,4.17441e-17,8.60892e-05,12592.7,3.26715e-17,8.60693e-05,12794.3,3.21621e-17,8.6071e-05,13957.7,2.47752e-17,8.62281e-05
0.35,9.2e-05,12058,1.01776e-16,8.67334e-05,12105.7,4.17441e-17,8.69815e-05,12492.9,3.26715e-17,8.69658e-05,12692.3,3.21621e-17,8.69686e-05,13843.7,2.47752e-17,8.71316e-05
0.35,9.3e-05,11966.7,1.01776e-16,8.76156e-05,12012.2,4.17441e-17,8.78732e-05,12395.1,3.26715e-17,8.78617e-05,12592.4,3.21621e-17,8.78656e-05,13731.9,2.47752e-17,8.80346e-05
0.35,9.4e-05,11877.2,1.01776e-16,8.84972e-05,11920.4,4.17441e-17,8.87645e-05,12299,3.26715e-17,8.87572e-05,12494.3,3.21621e-17,8.87622e-05,13622.2,2.47752e-17,8.89372e-05
0.35,9.5e-05,11789.3,1.01776e-16,8.93782e-05,11830.4,4.1744e-17,8.96552e-05,12204.8,3.26715e-17,8.96521e-05,12398,3.21621e-17,8.96583e-05,13514.6,2.47752e-17,8.98393e-05
0.35,9.6e-05,11703.1,1.01776e-16,9.02586e-05,11742,4.1744e-17,9.05454e-05,12112.3,3.26715e-17,9.05467e-05,12303.5,3.21621e-17,9.0554e-05,13408.9,2.47752e-17,9.0741e-05
0.35,9.7e-05,11618.4,1.01776e-16,9.11384e-05,11655.2,4.1744e-17,9.14352e-05,12021.4,3.26715e-17,9.14407e-05,12210.7,3.21621e-17,9.14492e-05,13305.2,2.47752e-17,9.16423e-05
0.35,9.8e-05,11535.2,1.01776e-16,9.20176e-05,11570,4.1744e-17,9.23244e-05,11932.2,3.26715e-17,9.23344e-05,12119.7,3.21621e-17,9.2344e-05,13203.3,2.47752e-17,9.25432e-05
0.35,9.9e-05,11453.4,1.01776e-16,9.28963e-05,11486.2,4.1744e-17,9.32131e-05,11844.6,3.26715e-17,9.32275e-05,12030.3,3.21621e-17,9.32383e-05,13103.2,2.47752e-17,9.34436e-05
0.35,0.0001,11373.1,1.01776e-16,9.37744e-05,11404,4.1744e-17,9.41014e-05,11758.5,3.26715e-17,9.41202e-05,11942.4,3.21621e-17,9.41322e-05,13004.9,2.47752e-17,9.43436e-05
0.35,0.000101,11294.2,1.01776e-16,9.46519e-05,11323.1,4.1744e-17,9.49891e-05,11674,3.26715e-17,9.50125e-05,11856.1,3.21621e-17,9.50257e-05,12908.3,2.47752e-17,9.52432e-05
0.35,0.000102,11216.7,1.01776e-16,9.55289e-05,11243.7,4.1744e-17,9.58764e-05,11590.9,3.26715e-17,9.59044e-05,11771.3,3.21621e-17,9.59187e-05,12813.4,2.47752e-17,9.61425e-05
0.35,0.000103,11140.5,1.01776e-16,9.64053e-05,11165.6,4.1744e-17,9.67632e-05,11509.3,3.26715e-17,9.67958e-05,11687.9,3.21621e-17,9.68113e-05,12720.1,2.47752e-17,9.70413e-05
0.35,0.000104,11065.5,1.01776e-16,9.72812e-05,11088.8,4.1744e-17,9.76495e-05,11429,3.26715e-17,9.76868e-05,11605.9,3.21621e-17,9.77035e-05,12628.3,2.47752e-17,9.79397e-05
0.35,0.000105,10991.8,1.01776e-16,9.81565e-05,11013.3,4.1744e-17,9.85354e-05,11350,3.26715e-17,9.85773e-05,11525.3,3.21621e-17,9.85952e-05,12538.1,2.47752e-17,9.88377e-05
0.35,0.000106,10919.3,1.01776e-16,9.90313e-05,10939,4.1744e-17,9.94208e-05,11272.4,3.26715e-17,9.94675e-05,11446,3.21621e-17,9.94866e-05,12449.4,2.47752e-17,9.97353e-05
0.35,0.000107,10848,1.01776e-16,9.99056e-05,10866,4.1744e-17,0.000100306,11196,3.26715e-17,0.000100357,11367.9,3.21621e-17,0.000100378,12362.1,2.47752e-17,0.000100632
0.35,0.000108,10777.8,1.01776e-16,0.000100779,10794.1,4.1744e-17,0.00010119,11120.8,3.26715e-17,0.000101247,11291.2,3.21621e-17,0.000101268,12276.3,2.47752e-17,0.000101529
0.35,0.000109,10708.7,1.01776e-16,0.000101653,10723.4,4.1744e-17,0.000102074,11046.9,3.26715e-17,0.000102135,11215.6,3.21621e-17,0.000102158,12191.8,2.47752e-17,0.000102426
0.375,9e-05,12245,1.01776e-16,8.70088e-05,12295.6,4.17441e-17,8.72294e-05,12705.6,3.26715e-17,8.71409e-05,12921.1,3.2162e-17,8.71095e-05,14168.5,2.47752e-17,8.70944e-05
0.375,9.1e-05,12151.5,1.01776e-16,8.79081e-05,12199.8,4.17441e-17,8.81383e-05,12605.2,3.26715e-17,8.80536e-05,12818.5,3.2162e-17,8.80231e-05,14053.1,2.47752e-17,8.80129e-05
0.375,9.2e-05,12059.9,1.01776e-16,8.88066e-05,12105.9,4.17441e-17,8.90466e-05,12506.8,3.26715e-17,8.89657e-05,12717.8,3.2162e-17,8.89362e-05,13940,2.47752e-17,8.8931e-05
0.375,9.3e-05,11970,1.01776e-16,8.97045e-05,12013.8,4.1744e-17,8.99543e-05,12410.3,3.26715e-17,8.98773e-05,12619,3.2162e-17,8.98487e-05,13829,2.47752e-17,8.98486e-05
0.375,9.4e-05,11881.8,1.01776e-16,9.06017e-05,11923.4,4.1744e-17,9.08615e-05,12315.5,3.26715e-17,9.07884e-05,12522.2,3.2162e-17,9.07608e-05,13720.1,2.47752e-17,9.07657e-05
0.375,9.5e-05,11795.3,1.01776e-16,9.14983e-05,11834.7,4.1744e-17,9.1768e-05,12222.6,3.26715e-17,9.1699e-05,12427.1,3.2162e-17,9.16723e-05,13613.2,2.47752e-17,9.16823e-05
0.375,9.6e-05,11710.3,1.01776e-16,9.23942e-05,11747.6,4.1744e-17,9.26741e-05,12131.3,3.26715e-17,9.2609e-05,12333.8,3.2162e-17,9.25833e-05,13508.3,2.47752e-17,9.25984e-05
0.375,9.7e-05,11626.8,1.01776e-16,9.32894e-05,11662.1,4.1744e-17,9.35795e-05,12041.7,3.26715e-17,9.35185e-05,12242.2,3.2162e-17,9.34938e-05,13405.4,2.47752e-17,9.35141e-05
0.375,9.8e-05,11544.9,1.01776e-16,9.41841e-05,11578.2,4.1744e-17,9.44844e-05,11953.7,3.26715e-17,9.44275e-05,12152.3,3.2162e-17,9.44038e-05,13304.2,2.47752e-17,9.44293e-05
0.375,9.9e-05,11464.4,1.01776e-16,9.50781e-05,11495.7,4.1744e-17,9.53887e-05,11867.3,3.26715e-17,9.53361e-05,12064,3.2162e-17,9.53133e-05,13204.9,2.47752e-17,9.5344e-05
0.375,0.0001,11385.3,1.01776e-16,9.59714e-05,11414.7,4.1744e-17,9.62925e-05,11782.4,3.26715e-17,9.62441e-05,11977.3,3.2162e-17,9.62224e-05,13107.4,2.47752e-17,9.62583e-05
0.375,0.000101,11307.6,1.01776e-16,9.68642e-05,11335,4.1744e-17,9.71958e-05,11699,3.26715e-17,9.71516e-05,11892.1,3.2162e-17,9.7131e-05,13011.5,2.47752e-17,9.71721e-05
0.375,0.000102,11231.3,1.01776e-16,9.77563e-05,11256.8,4.1744e-17,9.80985e-05,11617.1,3.26715e-17,9.80587e-05,11808.4,3.2162e-17,9.8039e-05,12917.3,2.47752e-17,9.80855e-05
0.375,0.000103,11156.2,1.01776e-16,9.86478e-05,11179.9,4.1744e-17,9.90008e-05,11536.6,3.26715e-17,9.89653e-05,11726.1,3.2162e-17,9.89467e-05,12824.8,2.47752e-17,9.89985e-05
0.375,0.000104,11082.4,1.01776e-16,9.95388e-05,11104.2,4.1744e-17,9.99025e-05,11457.4,3.26715e-17,9.98714e-05,11645.1,3.2162e-17,9.98538e-05,12733.8,2.47752e-17,9.9911e-05
0.375,0.000105,11009.8,1.01776e-16,0.000100429,11029.9,4.1744e-17,0.000100804,11379.6,3.26715e-17,0.000100777,11565.6,3.2162e-17,0.00010076,12644.3,2.47752e-17,0.000100823
0.375,0.000106,10938.4,1.01776e-16,0.000101319,10956.7,4.1744e-17,0.000101704,11303,3.26715e-17,0.000101682,11487.3,3.2162e-17,0.000101667,12556.3,2.47752e-17,0.000101735
0.375,0.000107,10868.2,1.01776e-16,0.000102208,10884.8,4.1744e-17,0.000102604,11227.7,3.26715e-17,0.000102587,11410.3,3.2162e-17,0.000102573,12469.7,2.47752e-17,0.000102646
0.375,0.000108,10799.1,1.01776e-16,0.000103097,10814,4.1744e-17,0.000103504,11153.6,3.26715e-17,0.000103491,11334.6,3.2162e-17,0.000103478,12384.6,2.47752e-17,0.000103557
0.375,0.000109,10731.1,1.01776e-16,0.000103985,10744.4,4.1744e-17,0.000104403,11080.7,3.26715e-17,0.000104395,11260,3.2162e-17,0.000104383,12300.8,2.47752e-17,0.000104467
0.4,9e-05,12249.7,1.01776e-16,8.90502e-05,12299.5,4.17441e-17,8.92624e-05,12723.6,3.26715e-17,8.91071e-05,12950.3,3.2162e-17,8.9042e-05,14267.4,2.47752e-17,8.88525e-05
0.4,9.1e-05,12157.4,1.01776e-16,8.9965e-05,12204.9,4.17441e-17,9.01872e-05,12624.3,3.26715e-17,9.00354e-05,12848.6,3.2162e-17,8.9971e-05,14152.4,2.47752e-17,8.97854e-05
0.4,9.2e-05,12066.9,1.01776e-16,9.08791e-05,12112.1,4.1744e-17,9.11112e-05,12526.8,3.26715e-17,9.0963e-05,12748.9,3.2162e-17,9.08994e-05,14039.7,2.47752e-17,9.07178e-05
0.4,9.3e-05,11978.1,1.01776e-16,9.17924e-05,12021,4.1744e-17,9.20347e-05,12431.3,3.26715e-17,9.189e-05,12651.1,3.2162e-17,9.18272e-05,13929.2,2.47752e-17,9.16496e-05
0.4,9.4e-05,11891,1.01776e-16,9.2705e-05,11931.7,4.1744e-17,9.29575e-05,12337.5,3.26715e-17,9.28165e-05,12555.1,3.2162e-17,9.27545e-05,13820.7,2.47752e-17,9.2581e-05
0.4,9.5e-05,11805.5,1.01776e-16,9.36169e-05,11844,4.1744e-17,9.38797e-05,12245.5,3.26715e-17,9.37424e-05,12460.9,3.2162e-17,9.36811e-05,13714.3,2.47752e-17,9.35117e-05
0.4,9.6e-05,11721.5,1.01776e-16,9.45281e-05,11758,4.1744e-17,9.48012e-05,12155.2,3.26715e-17,9.46677e-05,12368.5,3.2162e-17,9.46073e-05,13609.8,2.47752e-17,9.4442e-05
0.4,9.7e-05,11639.1,1.01776e-16,9.54386e-05,11673.5,4.1744e-17,9.57222e-05,12066.5,3.26715e-17,9.55924e-05,12277.7,3.2162e-17,9.55328e-05,13507.2,2.47752e-17,9.53718e-05
0.4,9.8e-05,11558.1,1.01776e-16,9.63483e-05,11590.5,4.1744e-17,9.66425e-05,11979.4,3.26715e-17,9.65166e-05,12188.7,3.2162e-17,9.64578e-05,13406.5,2.47752e-17,9.6301e-05
0.4,9.9e-05,11478.6,1.01776e-16,9.72574e-05,11509,4.1744e-17,9.75622e-05,11893.9,3.26715e-17,9.74402e-05,12101.3,3.2162e-17,9.73823e-05,13307.7,2.47752e-17,9.72298e-05
0.4,0.0001,11400.5,1.01776e-16,9.81658e-05,11429,4.1744e-17,9.84813e-05,11809.9,3.26715e-17,9.83633e-05,12015.4,3.2162e-17,9.83062e-05,13210.5,2.47752e-17,9.8158e-05
0.4,0.000101,11323.8,1.01776e-16,9.90735e-05,11350.3,4.1744e-17,9.93999e-05,11727.4,3.26715e-17,9.92859e-05,11931,3.2162e-17,9.92296e-05,13115.1,2.47752e-17,9.90857e-05
0.4,0.000102,11248.3,1.01776e-16,9.99806e-05,11273,4.1744e-17,0.000100318,11646.4,3.26715e-17,0.000100208,11848.1,3.2162e-17,0.000100153,13021.3,2.47752e-17,0.000100013
0.4,0.000103,11174.2,1.01776e-16,0.000100887,11197,4.1744e-17,0.000101235,11566.7,3.26715e-17,0.000101129,11766.6,3.2162e-17,0.000101075,12929.2,2.47752e-17,0.00010094
0.4,0.000104,11101.3,1.01776e-16,0.000101793,11122.3,4.1744e-17,0.000102152,11488.4,3.26715e-17,0.00010205,11686.4,3.2162e-17,0.000101997,12838.6,2.47752e-17,0.000101866
0.4,0.000105,11029.6,1.01776e-16,0.000102698,11048.8,4.1744e-17,0.000103068,11411.4,3.26715e-17,0.000102971,11607.6,3.2162e-17,0.000102918,12749.5,2.47752e-17,0.000102792
0.4,0.000106,10959.1,1.01776e-16,0.000103602,10976.6,4.1744e-17,0.000103984,11335.7,3.26715e-17,0.000103891,11530.1,3.2162e-17,0.000103839,12662,2.47752e-17,0.000103717
0.4,0.000107,10889.7,1.01776e-16,0.000104506,10905.5,4.1744e-17,0.000104899,11261.2,3.26715e-17,0.00010481,11453.9,3.2162e-17,0.000104759,12575.8,2.47752e-17,0.000104642
0.4,0.000108,10821.5,1.01776e-16,0.000105409,10835.6,4.1744e-17,0.000105814,11187.9,3.26715e-17,0.000105729,11378.9,3.2162e-17,0.000105679,12491.1,2.47752e-17,0.000105567
0.4,0.000109,10754.4,1.01776e-16,0.000106312,10766.8,4.1744e-17,0.000106728,11115.8,3.26715e-17,0.000106647,11305.1,3.2162e-17,0.000106598,12407.7,2.47752e-17,0.000106491
0.425,9e-05,12259.5,1.01776e-16,9.10903e-05,12309.2,4.1744e-17,9.12942e-05,12747.7,3.26714e-17,9.10701e-05,12985.3,3.21619e-17,9.09698e-05,14370.8,2.47752e-17,9.05981e-05
0.425,9.1e-05,12168.1,1.01776e-16,9.20205e-05,12215.4,4.1744e-17,9.22347e-05,12649.1,3.26714e-17,9.20137e-05,12884.3,3.21619e-17,9.1914e-05,14256,2.47752e-17,9.15452e-05
0.425,9.2e-05,12078.5,1.01776e-16,9.29499e-05,12123.5,4.1744e-17,9.31744e-05,12552.4,3.26714e-17,9.29566e-05,12785.3,3.21619e-17,9.28575e-05,14143.4,2.47752e-17,9.24917e-05
0.425,9.3e-05,11990.6,1.01776e-16,9.38785e-05,12033.3,4.1744e-17,9.41133e-05,12457.6,3.26714e-17,9.38989e-05,12688.1,3.21619e-17,9.38003e-05,14033,2.47752e-17,9.34376e-05
0.425,9.4e-05,11904.3,1.01776e-16,9.48063e-05,11944.8,4.1744e-17,9.50516e-05,12364.6,3.26714e-17,9.48405e-05,12592.8,3.21619e-17,9.47426e-05,13924.7,2.47752e-17,9.43829e-05
0.425,9.5e-05,11819.6,1.01776e-16,9.57334e-05,11858,4.1744e-17,9.59892e-05,12273.3,3.26714e-17,9.57815e-05,12499.3,3.21619e-17,9.56842e-05,13818.4,2.47752e-17,9.53276e-05
0.425,9.6e-05,11736.5,1.01777e-16,9.66596e-05,11772.8,4.1744e-17,9.69261e-05,12183.7,3.26714e-17,9.67219e-05,12407.5,3.21619e-17,9.66252e-05,13714.1,2.47752e-17,9.62718e-05
0.425,9.7e-05,11654.9,1.01777e-16,9.75851e-05,11689.1,4.1744e-17,9.78623e-05,12095.8,3.26714e-17,9.76616e-05,12317.4,3.21619e-17,9.75656e-05,13611.7,2.47752e-17,9.72153e-05
0.425,9.8e-05,11574.8,1.01777e-16,9.85098e-05,11606.9,4.1744e-17,9.87979e-05,12009.4,3.26714e-17,9.86008e-05,12229,3.21619e-17,9.85054e-05,13511.2,2.47752e-17,9.81584e-05
0.425,9.9e-05,11496.1,1.01777e-16,9.94338e-05,11526.2,4.1744e-17,9.97328e-05,11924.6,3.26714e-17,9.95393e-05,12142.2,3.21619e-17,9.94446e-05,13412.5,2.47752e-17,9.91009e-05
0.425,0.0001,11418.7,1.01777e-16,0.000100357,11446.9,4.1744e-17,0.000100667,11841.3,3.26714e-17,0.000100477,12056.9,3.21619e-17,0.000100383,13315.5,2.47752e-17,0.000100043
0.425,0.000101,11342.7,1.01777e-16,0.000101279,11369,4.1744e-17,0.000101601,11759.5,3.26714e-17,0.000101415,11973.1,3.21619e-17,0.000101321,13220.3,2.47752e-17,0.000100984
0.425,0.000102,11268,1.01777e-16,0.000102201,11292.4,4.1744e-17,0.000102534,11679.1,3.26714e-17,0.000102351,11890.8,3.21619e-17,0.000102259,13126.7,2.47752e-17,0.000101925
0.425,0.000103,11194.6,1.01777e-16,0.000103122,11217.1,4.1744e-17,0.000103466,11600.1,3.26714e-17,0.000103288,11809.9,3.21619e-17,0.000103196,13034.7,2.47752e-17,0.000102865
0.425,0.000104,11122.5,1.01777e-16,0.000104043,11143.1,4.1744e-17,0.000104398,11522.4,3.26714e-17,0.000104223,11730.3,3.21619e-17,0.000104132,12944.3,2.47752e-17,0.000103805
0.425,0.000105,11051.5,1.01777e-16,0.000104962,11070.4,4.1744e-17,0.000105329,11446,3.26714e-17,0.000105158,11652.1,3.21619e-17,0.000105068,12855.5,2.47752e-17,0.000104745
0.425,0.000106,10981.7,1.01777e-16,0.000105881,10998.8,4.1744e-17,0.000106259,11370.9,3.26714e-17,0.000106093,11575.2,3.21619e-17,0.000106003,12768.1,2.47752e-17,0.000105683
0.425,0.000107,10913.1,1.01777e-16,0.000106799,10928.5,4.1744e-17,0.000107189,11297,3.26714e-17,0.000107027,11499.5,3.21619e-17,0.000106938,12682.1,2.47752e-17,0.000106622
0.425,0.000108,10845.5,1.01777e-16,0.000107717,10859.2,4.1744e-17,0.000108118,11224.4,3.26714e-17,0.00010796,11425.1,3.21619e-17,0.000107872,12597.6,2.47752e-17,0.000107559
0.425,0.000109,10779.1,1.01777e-16,0.000108634,10791.1,4.1744e-17,0.000109047,11152.9,3.26714e-17,0.000108893,11351.8,3.21619e-17,0.000108805,12514.4,2.47752e-17,0.000108497
0.45,9e-05,12273.5,1.01777e-16,9.31284e-05,12323.6,4.1744e-17,9.33241e-05,12776.8,3.26714e-17,9.30289e-05,13025.3,3.21619e-17,9.2892e-05,14478.3,2.47752e-17,9.23311e-05
0.45,9.1e-05,12182.9,1.01777e-16,9.40739e-05,12230.6,4.1744e-17,9.428e-05,12678.9,3.26714e-17,9.39877e-05,12924.8,3.21619e-17,9.38512e-05,14363.5,2.47752e-17,9.32921e-05
0.45,9.2e-05,12094,1.01777e-16,9.50184e-05,12139.4,4.1744e-17,9.52351e-05,12582.8,3.26714e-17,9.49458e-05,12826.2,3.21619e-17,9.48096e-05,14250.8,2.47752e-17,9.42524e-05
0.45,9.3e-05,12006.8,1.01777e-16,9.59621e-05,12049.9,4.1744e-17,9.61895e-05,12488.6,3.26714e-17,9.59031e-05,12729.6,3.21619e-17,9.57674e-05,14140.4,2.47752e-17,9.52121e-05
0.45,9.4e-05,11921.2,1.01777e-16,9.6905e-05,11962.1,4.1744e-17,9.71431e-05,12396.1,3.26714e-17,9.68598e-05,12634.7,3.21619e-17,9.67244e-05,14032,2.47752e-17,9.61712e-05
0.45,9.5e-05,11837.2,1.01777e-16,9.7847e-05,11875.9,4.1744e-17,9.80959e-05,12305.4,3.26714e-17,9.78157e-05,12541.7,3.21619e-17,9.76808e-05,13925.7,2.47752e-17,9.71296e-05
0.45,9.6e-05,11754.8,1.01777e-16,9.87881e-05,11791.3,4.1744e-17,9.9048e-05,12216.4,3.26714e-17,9.8771e-05,12450.4,3.21619e-17,9.86365e-05,13821.4,2.47752e-17,9.80874e-05
0.45,9.7e-05,11673.9,1.01777e-16,9.97284e-05,11708.3,4.1744e-17,9.99993e-05,12128.9,3.26714e-17,9.97256e-05,12360.7,3.21619e-17,9.95915e-05,13719,2.47752e-17,9.90446e-05
0.45,9.8e-05,11594.4,1.01777e-16,0.000100668,11626.7,4.1744e-17,0.00010095,12043.1,3.26714e-17,0.000100679,12272.8,3.21619e-17,0.000100546,13618.4,2.47752e-17,0.000100001
0.45,9.9e-05,11516.3,1.01777e-16,0.000101607,11546.6,4.1744e-17,0.0001019,11958.8,3.26714e-17,0.000101633,12186.4,3.21619e-17,0.0001015,13519.7,2.47752e-17,0.000100957
0.45,0.0001,11439.6,1.01777e-16,0.000102544,11468,4.1744e-17,0.000102849,11876,3.26714e-17,0.000102585,12101.6,3.21619e-17,0.000102453,13422.7,2.47752e-17,0.000101913
0.45,0.000101,11364.2,1.01777e-16,0.000103481,11390.7,4.1744e-17,0.000103797,11794.7,3.26714e-17,0.000103537,12018.3,3.21619e-17,0.000103405,13327.5,2.47752e-17,0.000102867
0.45,0.000102,11290.2,1.01777e-16,0.000104418,11314.7,4.1744e-17,0.000104745,11714.8,3.26714e-17,0.000104489,11936.4,3.21619e-17,0.000104357,13233.9,2.47752e-17,0.000103822
0.45,0.000103,11217.4,1.01777e-16,0.000105353,11240,4.1744e-17,0.000105692,11636.3,3.26714e-17,0.000105439,11855.9,3.21619e-17,0.000105308,13141.9,2.47752e-17,0.000104775
0.45,0.000104,11145.8,1.01777e-16,0.000106288,11166.6,4.1744e-17,0.000106639,11559.1,3.26714e-17,0.000106389,11776.7,3.21619e-17,0.000106259,13051.5,2.47752e-17,0.000105729
0.45,0.000105,11075.4,1.01777e-16,0.000107222,11094.4,4.1744e-17,0.000107584,11483.2,3.26714e-17,0.000107339,11698.9,3.21619e-17,0.000107209,12962.7,2.47752e-17,0.000106681
0.45,0.000106,11006.2,1.01777e-16,0.000108155,11023.4,4.1744e-17,0.00010853,11408.6,3.26714e-17,0.000108287,11622.4,3.21619e-17,0.000108158,12875.3,2.47752e-17,0.000107633
0.45,0.000107,10938.1,1.01777e-16,0.000109088,10953.6,4.1744e-17,0.000109474,11335.2,3.26714e-17,0.000109236,11547.1,3.21619e-17,0.000109107,12789.4,2.47752e-17,0.000108585
0.45,0.000108,10871.2,1.01777e-16,0.000110019,10884.9,4.1744e-17,0.000110418,11263,3.26714e-17,0.000110183,11473.1,3.21619e-17,0.000110055,12704.8,2.47752e-17,0.000109535
0.45,0.000109,10805.3,1.01777e-16,0.00011095,10817.3,4.1744e-17,0.000111361,11192,3.26714e-17,0.00011113,11400.3,3.21619e-17,0.000111003,12621.7,2.47752e-17,0.000110486
0.475,9e-05,12290.9,1.01777e-16,9.51639e-05,12341.9,4.1744e-17,9.53512e-05,12810.2,3.26714e-17,9.4983e-05,13069.3,3.21618e-17,9.4808e-05,14589.7,2.47752e-17,9.40509e-05
0.475,9.1e-05,12200.9,1.01777e-16,9.61244e-05,12249.5,4.1744e-17,9.63225e-05,12712.7,3.26714e-17,9.59568e-05,12969.1,3.21619e-17,9.5782e-05,14474.6,2.47752e-17,9.50257e-05
0.475,9.2e-05,12112.6,1.01777e-16,9.7084e-05,12158.8,4.1744e-17,9.72929e-05,12617.1,3.26714e-17,9.69298e-05,12870.9,3.21619e-17,9.67552e-05,14361.8,2.47752e-17,9.59997e-05
0.475,9.3e-05,12026,1.01777e-16,9.80427e-05,12069.9,4.1744e-17,9.82625e-05,12523.3,3.26714e-17,9.79021e-05,12774.6,3.21619e-17,9.77277e-05,14251.1,2.47752e-17,9.6973e-05
0.475,9.4e-05,11941,1.01777e-16,9.90004e-05,11982.7,4.1744e-17,9.92312e-05,12431.3,3.26714e-17,9.88736e-05,12680.2,3.21619e-17,9.86994e-05,14142.5,2.47752e-17,9.79456e-05
0.475,9.5e-05,11857.6,1.01777e-16,9.99572e-05,11897.1,4.1744e-17,0.000100199,12341,3.26714e-17,9.98443e-05,12587.4,3.21619e-17,9.96704e-05,14036,2.47752e-17,9.89176e-05
0.475,9.6e-05,11775.8,1.01777e-16,0.000100913,11813,4.1744e-17,0.000101166,12252.4,3.26714e-17,0.000100814,12496.5,3.21619e-17,0.000100641,13931.5,2.47752e-17,9.98889e-05
0.475,9.7e-05,11695.4,1.01777e-16,0.000101868,11730.5,4.1744e-17,0.000102133,12165.4,3.26714e-17,0.000101784,12407.2,3.21619e-17,0.00010161,13828.9,2.47752e-17,0.00010086
0.475,9.8e-05,11616.5,1.01777e-16,0.000102822,11649.5,4.1744e-17,0.000103098,12079.9,3.26714e-17,0.000102752,12319.5,3.21619e-17,0.000102579,13728.2,2.47752e-17,0.000101829
0.475,9.9e-05,11538.9,1.01777e-16,0.000103775,11569.9,4.1744e-17,0.000104063,11996,3.26714e-17,0.00010372,12233.5,3.21619e-17,0.000103547,13629.3,2.47752e-17,0.000102799
0.475,0.0001,11462.8,1.01777e-16,0.000104728,11491.7,4.1744e-17,0.000105027,11913.6,3.26714e-17,0.000104687,12149,3.21619e-17,0.000104514,13532.2,2.47752e-17,0.000103767
0.475,0.000101,11387.9,1.01777e-16,0.000105679,11414.9,4.1744e-17,0.00010599,11832.7,3.26714e-17,0.000105653,12066,3.21619e-17,0.000105481,13436.7,2.47752e-17,0.000104736
0.475,0.000102,11314.4,1.01777e-16,0.00010663,11339.4,4.1744e-17,0.000106952,11753.2,3.26714e-17,0.000106619,11984.4,3.21619e-17,0.000106447,13343,2.47752e-17,0.000105703
0.475,0.000103,11242.1,1.01777e-16,0.000107579,11265.2,4.1744e-17,0.000107914,11675.1,3.26714e-17,0.000107584,11904.2,3.21619e-17,0.000107412,13250.9,2.47752e-17,0.00010667
0.475,0.000104,11171,1.01777e-16,0.000108528,11192.3,4.1744e-17,0.000108875,11598.3,3.26714e-17,0.000108548,11825.4,3.21619e-17,0.000108377,13160.3,2.47752e-17,0.000107636
0.475,0.000105,11101.1,1.01777e-16,0.000109477,11120.6,4.1744e-17,0.000109835,11522.8,3.26714e-17,0.000109512,11747.9,3.21619e-17,0.000109341,13071.3,2.47752e-17,0.000108602
0.475,0.000106,11032.4,1.01777e-16,0.000110424,11050,4.1744e-17,0.000110795,11448.5,3.26714e-17,0.000110475,11671.6,3.21619e-17,0.000110305,12983.8,2.47752e-17,0.000109567
0.475,0.000107,10964.8,1.01777e-16,0.00011137,10980.7,4.1744e-17,0.000111753,11375.4,3.26714e-17,0.000111437,11596.7,3.21619e-17,0.000111267,12897.8,2.47752e-17,0.000110531
0.475,0.000108,10898.3,1.01777e-16,0.000112316,10912.4,4.1744e-17,0.000112712,11303.6,3.26714e-17,0.000112399,11522.9,3.21619e-17,0.000112229,12813.2,2.47752e-17,0.000111495
0.475,0.000109,10832.8,1.01777e-16,0.000113261,10845.3,4.17439e-17,0.000113669,11232.9,3.26714e-17,0.00011336,11450.4,3.21619e-17,0.000113191,12729.9,2.47752e-17,0.000112458
