index,TE_0,TE_1,TE_3,Val
0,5.0,7.222,5.0,47209.9777712102
1,5.0,7.222,7.222,43869.30396345547
2,5.0,7.222,9.444,41651.309840780974
3,5.0,7.222,11.667,40112.4853919709
4,5.0,7.222,13.889,38858.177791700095
5,5.0,7.222,16.111,38125.37385003811
6,5.0,7.222,18.333,37213.88742906753
7,5.0,7.222,20.556,36714.29839851397
8,5.0,7.222,22.778,36349.511850432136
9,5.0,7.222,25.0,36045.723911026296
10,5.0,9.444,5.0,36360.07755974503
11,5.0,9.444,7.222,33053.01029362963
12,5.0,9.444,9.444,31033.558235916877
13,5.0,9.444,11.667,29543.527344050653
14,5.0,9.444,13.889,28447.80316108773
15,5.0,9.444,16.111,27559.953315125123
16,5.0,9.444,18.333,26718.716975498486
17,5.0,9.444,20.556,26076.999056030687
18,5.0,9.444,22.778,25640.48466754715
19,5.0,9.444,25.0,25168.333443552445
20,5.0,11.667,5.0,30380.69098438073
21,5.0,11.667,7.222,27055.053391564066
22,5.0,11.667,9.444,24933.152972407057
23,5.0,11.667,11.667,23414.4437368811
24,5.0,11.667,13.889,22261.776087443675
25,5.0,11.667,16.111,21277.838355000335
26,5.0,11.667,18.333,20569.87034679707
27,5.0,11.667,20.556,19905.90935154406
28,5.0,11.667,22.778,19351.583110189993
29,5.0,11.667,25.0,18878.720806685764
30,5.0,13.889,5.0,26194.152020249316
31,5.0,13.889,7.222,22837.99383747075
32,5.0,13.889,9.444,20719.91727449958
33,5.0,13.889,11.667,19157.30804063274
34,5.0,13.889,13.889,17919.26556761756
35,5.0,13.889,16.111,16961.09341238867
36,5.0,13.889,18.333,16147.299372224257
37,5.0,13.889,20.556,15456.586102441552
38,5.0,13.889,22.778,14944.111686197211
39,5.0,13.889,25.0,14453.101337166892
40,5.0,16.111,5.0,23142.622104020586
41,5.0,16.111,7.222,19704.616043264497
42,5.0,16.111,9.444,17539.425749338414
43,5.0,16.111,11.667,15918.633093361319
44,5.0,16.111,13.889,14684.918799868967
45,5.0,16.111,16.111,13651.396567470267
46,5.0,16.111,18.333,12869.796976052812
47,5.0,16.111,20.556,12157.314995151493
48,5.0,16.111,22.778,11557.688431905806
49,5.0,16.111,25.0,11088.582981102016
50,5.0,18.333,5.0,20670.502663852658
51,5.0,18.333,7.222,17259.92302648125
52,5.0,18.333,9.444,15001.714446601343
53,5.0,18.333,11.667,13398.382973715648
54,5.0,18.333,13.889,12100.802015537482
55,5.0,18.333,16.111,11074.378662493487
56,5.0,18.333,18.333,10258.430159339301
57,5.0,18.333,20.556,9522.46550588378
58,5.0,18.333,22.778,8901.762990342135
59,5.0,18.333,25.0,8371.047012815314
60,5.0,20.556,5.0,18650.776451858575
61,5.0,20.556,7.222,15223.241827211268
62,5.0,20.556,9.444,12979.597699140253
63,5.0,20.556,11.667,11309.636989764429
64,5.0,20.556,13.889,9970.289673888721
65,5.0,20.556,16.111,8964.900277210501
66,5.0,20.556,18.333,8074.081496583913
67,5.0,20.556,20.556,7318.72922991274
68,5.0,20.556,22.778,6723.684778471101
69,5.0,20.556,25.0,6160.216113988323
70,5.0,22.778,5.0,16921.30034317124
71,5.0,22.778,7.222,13463.83290076684
72,5.0,22.778,9.444,11187.068596968744
73,5.0,22.778,11.667,9488.414354016124
74,5.0,22.778,13.889,8163.197727284945
75,5.0,22.778,16.111,7089.8171808802845
76,5.0,22.778,18.333,6182.932713268041
77,5.0,22.778,20.556,5450.922735436712
78,5.0,22.778,22.778,4792.19756775233
79,5.0,22.778,25.0,4213.4876903459135
80,5.0,25.0,5.0,15300.077380150766
81,5.0,25.0,7.222,11876.030088301442
82,5.0,25.0,9.444,9588.09200120837
83,5.0,25.0,11.667,7848.211115327027
84,5.0,25.0,13.889,6499.644576654058
85,5.0,25.0,16.111,5404.388744129372
86,5.0,25.0,18.333,4472.710386376473
87,5.0,25.0,20.556,3726.4729627086676
88,5.0,25.0,22.778,3053.202938125973
89,5.0,25.0,25.0,2502.1574644656203
90,7.222,7.222,5.0,45482.19133291606
91,7.222,7.222,7.222,42114.36909809601
92,7.222,7.222,9.444,39865.45870549992
93,7.222,7.222,11.667,38307.02755909221
94,7.222,7.222,13.889,37033.0309484275
95,7.222,7.222,16.111,36300.22700676552
96,7.222,7.222,18.333,35369.002801830924
97,7.222,7.222,20.556,34869.41377127735
98,7.222,7.222,22.778,34504.62722319552
99,7.222,7.222,25.0,34200.83928378968
100,7.222,9.444,5.0,33944.82771609035
101,7.222,9.444,7.222,30587.013788435404
102,7.222,9.444,9.444,28563.273549864458
103,7.222,9.444,11.667,27058.171222854482
104,7.222,9.444,13.889,25939.396241536644
105,7.222,9.444,16.111,25039.92003575121
106,7.222,9.444,18.333,24183.99903202086
107,7.222,9.444,20.556,23530.78689483986
108,7.222,9.444,22.778,23094.272506356323
109,7.222,9.444,25.0,22631.123245830295
110,7.222,11.667,5.0,27523.698269807395
111,7.222,11.667,7.222,24173.148394174335
112,7.222,11.667,9.444,22036.334121157208
113,7.222,11.667,11.667,20486.954125003253
114,7.222,11.667,13.889,19351.133906840332
115,7.222,11.667,16.111,18337.043630566986
116,7.222,11.667,18.333,17629.075622363715
117,7.222,11.667,20.556,16957.63857578319
118,7.222,11.667,22.778,16420.841518793946
119,7.222,11.667,25.0,15925.575295975916
120,7.222,13.889,5.0,23100.46328225831
121,7.222,13.889,7.222,19736.010986124744
122,7.222,13.889,9.444,17635.903744054103
123,7.222,13.889,11.667,16049.008752950196
124,7.222,13.889,13.889,14787.146833987947
125,7.222,13.889,16.111,13851.581694128203
126,7.222,13.889,18.333,13034.658057002358
127,7.222,13.889,20.556,12340.954081063572
128,7.222,13.889,22.778,11828.47966481923
129,7.222,13.889,25.0,11317.59569592929
130,7.222,16.111,5.0,19983.11567180632
131,7.222,16.111,7.222,16549.81147439729
132,7.222,16.111,9.444,14409.028201897647
133,7.222,16.111,11.667,12788.167944364752
134,7.222,16.111,13.889,11554.5959166537
135,7.222,16.111,16.111,10504.080075058502
136,7.222,16.111,18.333,9722.480483641048
137,7.222,16.111,20.556,9035.054332988333
138,7.222,16.111,22.778,8435.987757179682
139,7.222,16.111,25.0,7966.882306375894
140,7.222,18.333,5.0,17563.863375584817
141,7.222,18.333,7.222,14145.613776185579
142,7.222,18.333,9.444,11896.227502726872
143,7.222,18.333,11.667,10318.982959453348
144,7.222,18.333,13.889,9010.478736582621
145,7.222,18.333,16.111,7987.565069637609
146,7.222,18.333,18.333,7171.616566483422
147,7.222,18.333,20.556,6439.294128520292
148,7.222,18.333,22.778,5822.366398156222
149,7.222,18.333,25.0,5278.099687088243
150,7.222,20.556,5.0,15608.073316842612
151,7.222,20.556,7.222,12205.646782636099
152,7.222,20.556,9.444,9973.265143831988
153,7.222,20.556,11.667,8297.956189659046
154,7.222,20.556,13.889,6970.660611655505
155,7.222,20.556,16.111,5965.271214977287
156,7.222,20.556,18.333,5080.601461122527
157,7.222,20.556,20.556,4331.474527070578
158,7.222,20.556,22.778,3736.4300756289463
159,7.222,20.556,25.0,3198.6926170900742
160,7.222,22.778,5.0,13984.671211573772
161,7.222,22.778,7.222,10571.931258353463
162,7.222,22.778,9.444,8308.596468464406
163,7.222,22.778,11.667,6607.310563404942
164,7.222,22.778,13.889,5289.001068105339
165,7.222,22.778,16.111,4222.581262632488
166,7.222,22.778,18.333,3322.714360623827
167,7.222,22.778,20.556,2590.704382792512
168,7.222,22.778,22.778,1939.056801795041
169,7.222,22.778,25.0,1367.4877098990198
170,7.222,25.0,5.0,12525.062658628367
171,7.222,25.0,7.222,9148.888026679031
172,7.222,25.0,9.444,6877.878862133045
173,7.222,25.0,11.667,5170.881317359726
174,7.222,25.0,13.889,3838.8937226272983
175,7.222,25.0,16.111,2760.303448730137
176,7.222,25.0,18.333,1859.7028642103483
177,7.222,25.0,20.556,1113.4654405425429
178,7.222,25.0,22.778,456.8796401396919
179,7.222,25.0,25.0,318.4712200721349
180,9.444,7.222,5.0,44324.79130735262
181,9.444,7.222,7.222,40917.66740171732
182,9.444,7.222,9.444,38637.01852370751
183,9.444,7.222,11.667,37058.696884375175
184,9.444,7.222,13.889,35764.740191981226
185,9.444,7.222,16.111,35031.936250319224
186,9.444,7.222,18.333,34080.68686168842
187,9.444,7.222,20.556,33581.09783113485
188,9.444,7.222,22.778,33216.31128305302
189,9.444,7.222,25.0,32912.52334364718
190,9.444,9.444,5.0,32042.722748241806
191,9.444,9.444,7.222,28674.004093620566
192,9.444,9.444,9.444,26607.796319381225
193,9.444,9.444,11.667,25088.77969933266
194,9.444,9.444,13.889,23958.645724719503
195,9.444,9.444,16.111,23076.997645708616
196,9.444,9.444,18.333,22178.962047869198
197,9.444,9.444,20.556,21544.35951770873
198,9.444,9.444,22.778,21107.845129225196
199,9.444,9.444,25.0,20613.561861430713
200,9.444,11.667,5.0,25241.342077199
201,9.444,11.667,7.222,21877.217312814006
202,9.444,11.667,9.444,19700.345121552964
203,9.444,11.667,11.667,18174.99194955216
204,9.444,11.667,13.889,17009.969067581565
205,9.444,11.667,16.111,16020.814451017266
206,9.444,11.667,18.333,15312.846442814005
207,9.444,11.667,20.556,14637.337727553302
208,9.444,11.667,22.778,14071.750415111781
209,9.444,11.667,25.0,13572.690910249523
210,9.444,13.889,5.0,20748.358927754172
211,9.444,13.889,7.222,17394.36323451726
212,9.444,13.889,9.444,15271.475072702839
213,9.444,13.889,11.667,13719.746190526686
214,9.444,13.889,13.889,12462.185315459254
215,9.444,13.889,16.111,11503.141609477481
216,9.444,13.889,18.333,10688.789036799053
217,9.444,13.889,20.556,9997.829165829658
218,9.444,13.889,22.778,9485.35474958531
219,9.444,13.889,25.0,9007.986147961456
220,9.444,16.111,5.0,17731.586134348465
221,9.444,16.111,7.222,14302.514514139628
222,9.444,16.111,9.444,12149.613060493952
223,9.444,16.111,11.667,10568.466140195565
224,9.444,16.111,13.889,9341.612875667344
225,9.444,16.111,16.111,8304.946749716977
226,9.444,16.111,18.333,7523.347158299522
227,9.444,16.111,20.556,6818.472674566726
228,9.444,16.111,22.778,6226.711896002511
229,9.444,16.111,25.0,5757.606445198715
230,9.444,18.333,5.0,15556.184950702473
231,9.444,18.333,7.222,12206.95281349521
232,9.444,18.333,9.444,10010.306412305543
233,9.444,18.333,11.667,8427.923354679817
234,9.444,18.333,13.889,7175.637899514754
235,9.444,18.333,16.111,6170.534144895618
236,9.444,18.333,18.333,5354.585641741431
237,9.444,18.333,20.556,4640.132635670036
238,9.444,18.333,22.778,4041.1287820201483
239,9.444,18.333,25.0,3514.835230477433
240,9.444,20.556,5.0,14004.980527142347
241,9.444,20.556,7.222,10671.461157692836
242,9.444,20.556,9.444,8475.671565875096
243,9.444,20.556,11.667,6837.076000329117
244,9.444,20.556,13.889,5546.6382759455655
245,9.444,20.556,16.111,4541.248879267347
246,9.444,20.556,18.333,3675.069505014853
247,9.444,20.556,20.556,2944.4778264677934
248,9.444,20.556,22.778,2349.4333750261476
249,9.444,20.556,25.0,1810.845014075636
250,9.444,22.778,5.0,12767.893569929603
251,9.444,22.778,7.222,9426.570638045408
252,9.444,22.778,9.444,7202.363945072459
253,9.444,22.778,11.667,5540.402140668626
254,9.444,22.778,13.889,4241.814411617379
255,9.444,22.778,16.111,3195.1487422740015
256,9.444,22.778,18.333,2315.06271187119
257,9.444,22.778,20.556,1583.0527340398678
258,9.444,22.778,22.778,951.2070836426518
259,9.444,22.778,25.0,399.4552636328515
260,9.444,25.0,5.0,11716.044077816869
261,9.444,25.0,7.222,8375.02507429462
262,9.444,25.0,9.444,6133.933621310163
263,9.444,25.0,11.667,4449.430330557892
264,9.444,25.0,13.889,3128.603119127164
265,9.444,25.0,16.111,2061.1177974705893
266,9.444,25.0,18.333,1157.2392489629096
267,9.444,25.0,20.556,411.00182529511136
268,9.444,25.0,22.778,316.9446078537727
269,9.444,25.0,25.0,318.4712200721349
270,11.667,7.222,5.0,43400.880060680836
271,11.667,7.222,7.222,39961.12679291392
272,11.667,7.222,9.444,37647.55860033952
273,11.667,7.222,11.667,36048.80126856592
274,11.667,7.222,13.889,34734.472870214864
275,11.667,7.222,16.111,34001.66892855288
276,11.667,7.222,18.333,33030.13897864984
277,11.667,7.222,20.556,32530.54994809628
278,11.667,7.222,22.778,32165.763400014446
279,11.667,7.222,25.0,31861.975460608614
280,11.667,9.444,5.0,30372.749316318837
281,11.667,9.444,7.222,26942.02605364826
282,11.667,9.444,9.444,24892.300179054237
283,11.667,9.444,11.667,23362.323045872337
284,11.667,9.444,13.889,22222.537701611473
285,11.667,9.444,16.111,21302.30227371357
286,11.667,9.444,18.333,20423.737627835773
287,11.667,9.444,20.556,19750.597856818837
288,11.667,9.444,22.778,19314.083468335302
289,11.667,9.444,25.0,18810.80727594883
290,11.667,11.667,5.0,23252.94367746416
291,11.667,11.667,7.222,19892.857185453802
292,11.667,11.667,9.444,17756.00655604998
293,11.667,11.667,11.667,16198.664094809425
294,11.667,11.667,13.889,15034.858101681257
295,11.667,11.667,16.111,14015.225526492555
296,11.667,11.667,18.333,13307.257518289294
297,11.667,11.667,20.556,12671.943929280984
298,11.667,11.667,22.778,12108.431924741473
299,11.667,11.667,25.0,11611.697246687712
300,11.667,13.889,5.0,18895.226655499013
301,11.667,13.889,7.222,15604.780496974927
302,11.667,13.889,9.444,13514.731442353956
303,11.667,13.889,11.667,11965.191044363197
304,11.667,13.889,13.889,10742.052004118248
305,11.667,13.889,16.111,9829.554374976224
306,11.667,13.889,18.333,9032.515598136439
307,11.667,13.889,20.556,8359.030576750156
308,11.667,13.889,22.778,7846.556160505807
309,11.667,13.889,25.0,7356.2226391807435
310,11.667,16.111,5.0,16389.984579037635
311,11.667,16.111,7.222,13062.699466424237
312,11.667,16.111,9.444,10951.064426941251
313,11.667,16.111,11.667,9385.121119081497
314,11.667,16.111,13.889,8198.466162598734
315,11.667,16.111,16.111,7203.3678578675845
316,11.667,16.111,18.333,6421.768266450121
317,11.667,16.111,20.556,5737.749202295525
318,11.667,16.111,22.778,5166.885148616554
319,11.667,16.111,25.0,4697.779697812764
320,11.667,18.333,5.0,14657.43536156799
321,11.667,18.333,7.222,11360.710765934802
322,11.667,18.333,9.444,9214.525742685399
323,11.667,18.333,11.667,7644.855021105936
324,11.667,18.333,13.889,6397.615252653964
325,11.667,18.333,16.111,5405.408902237623
326,11.667,18.333,18.333,4589.460399083429
327,11.667,18.333,20.556,3887.8888297652675
328,11.667,18.333,22.778,3301.7505910363625
329,11.667,18.333,25.0,2788.307029080559
330,11.667,20.556,5.0,13406.16557569999
331,11.667,20.556,7.222,10107.137630904323
332,11.667,20.556,9.444,7936.973473377057
333,11.667,20.556,11.667,6323.867365845847
334,11.667,20.556,13.889,5058.762530651979
335,11.667,20.556,16.111,4053.373133973768
336,11.667,20.556,18.333,3199.795034511545
337,11.667,20.556,20.556,2481.7577341016954
338,11.667,20.556,22.778,1886.7132826600493
339,11.667,20.556,25.0,1360.6298131189162
340,11.667,22.778,5.0,12427.568423888593
341,11.667,22.778,7.222,9121.912880739861
342,11.667,22.778,9.444,6921.181120658796
343,11.667,22.778,11.667,5282.388678513528
344,11.667,22.778,13.889,3995.2718319261985
345,11.667,22.778,16.111,2960.00168556298
346,11.667,22.778,18.333,2091.2362515101368
347,11.667,22.778,20.556,1359.2262736788218
348,11.667,22.778,22.778,738.6267684343097
349,11.667,22.778,25.0,349.8399452130763
350,11.667,25.0,5.0,11611.965483426078
351,11.667,25.0,7.222,8302.163506086941
352,11.667,25.0,9.444,6074.795538005951
353,11.667,25.0,11.667,4410.9436811856895
354,11.667,25.0,13.889,3100.3464798705318
355,11.667,25.0,16.111,2043.0268762498567
356,11.667,25.0,18.333,1149.2494044983632
357,11.667,25.0,20.556,403.0119808305648
358,11.667,25.0,22.778,316.9446078537727
359,11.667,25.0,25.0,318.4712200721349
360,13.889,7.222,5.0,42593.38197859105
361,13.889,7.222,7.222,39120.785551877154
362,13.889,7.222,9.444,36773.99390942929
363,13.889,7.222,11.667,35154.39680445467
364,13.889,7.222,13.889,33819.177547994186
365,13.889,7.222,16.111,33086.3736063322
366,13.889,7.222,18.333,32093.93678237792
367,13.889,7.222,20.556,31594.34775182436
368,13.889,7.222,22.778,31229.561203742527
369,13.889,7.222,25.0,30925.77326433669
370,13.889,9.444,5.0,28833.865333601592
371,13.889,9.444,7.222,25379.87906724989
372,13.889,9.444,9.444,23322.924570756048
373,13.889,9.444,11.667,21742.911287462288
374,13.889,9.444,13.889,20597.136236899998
375,13.889,9.444,16.111,19715.030105129543
376,13.889,9.444,18.333,18787.785423455585
377,13.889,9.444,20.556,18109.707440587717
378,13.889,9.444,22.778,17673.19305210418
379,13.889,9.444,25.0,17209.326025694292
380,13.889,11.667,5.0,21607.57956588247
381,13.889,11.667,7.222,18244.02563005636
382,13.889,11.667,9.444,16151.462917833556
383,13.889,11.667,11.667,14625.437209329026
384,13.889,11.667,13.889,13477.699174318337
385,13.889,11.667,16.111,12491.003769718458
386,13.889,11.667,18.333,11783.03576151519
387,13.889,11.667,20.556,11126.34928871993
388,13.889,11.667,22.778,10615.478449879793
389,13.889,11.667,25.0,10135.88002325686
390,13.889,13.889,5.0,17852.570122545585
391,13.889,13.889,7.222,14585.782755495296
392,13.889,13.889,9.444,12524.018728720925
393,13.889,13.889,11.667,11002.882371103802
394,13.889,13.889,13.889,9808.226062880718
395,13.889,13.889,16.111,8880.910517243128
396,13.889,13.889,18.333,8098.4640501010335
397,13.889,13.889,20.556,7439.583540748734
398,13.889,13.889,22.778,6927.109124504393
399,13.889,13.889,25.0,6451.389761426356
400,13.889,16.111,5.0,15735.72517896845
401,13.889,16.111,7.222,12479.510991665864
402,13.889,16.111,9.444,10396.008516965154
403,13.889,16.111,11.667,8857.99526281798
404,13.889,16.111,13.889,7666.06383732946
405,13.889,16.111,16.111,6699.2231195942095
406,13.889,16.111,18.333,5917.623528176746
407,13.889,16.111,20.556,5247.638040257889
408,13.889,16.111,22.778,4690.740685057927
409,13.889,16.111,25.0,4221.635234254139
410,13.889,18.333,5.0,14368.51943506408
411,13.889,18.333,7.222,11122.059406428496
412,13.889,18.333,9.444,9001.306447429637
413,13.889,18.333,11.667,7443.994138839461
414,13.889,18.333,13.889,6221.182631795933
415,13.889,18.333,16.111,5241.046216358653
416,13.889,18.333,18.333,4425.097713204473
417,13.889,18.333,20.556,3735.5000921624473
418,13.889,18.333,22.778,3161.239987862213
419,13.889,18.333,25.0,2659.5789716757517
420,13.889,20.556,5.0,13390.090141348326
421,13.889,20.556,7.222,10133.533165068147
422,13.889,20.556,9.444,7984.049281228436
423,13.889,20.556,11.667,6391.253272087359
424,13.889,20.556,13.889,5146.089127082281
425,13.889,20.556,16.111,4140.699730404062
426,13.889,20.556,18.333,3296.9538598058243
427,13.889,20.556,20.556,2588.6570085554763
428,13.889,20.556,22.778,1993.6125571138446
429,13.889,20.556,25.0,1477.1780288595166
430,13.889,22.778,5.0,12626.903003465299
431,13.889,22.778,7.222,9355.762412845455
432,13.889,22.778,9.444,7171.78116449266
433,13.889,22.778,11.667,5549.4088818630025
434,13.889,22.778,13.889,4270.380138548278
435,13.889,22.778,16.111,3243.117835913425
436,13.889,22.778,18.333,2382.2808055437763
437,13.889,22.778,20.556,1650.2708277124616
438,13.889,22.778,22.778,1037.5211261836002
439,13.889,22.778,25.0,504.7135824538736
440,13.889,25.0,5.0,11985.234123289149
441,13.889,25.0,7.222,8711.192323136422
442,13.889,25.0,9.444,6497.740368785813
443,13.889,25.0,11.667,4847.540436024399
444,13.889,25.0,13.889,3543.670419951085
445,13.889,25.0,16.111,2493.012316536915
446,13.889,25.0,18.333,1605.8308040013499
447,13.889,25.0,20.556,859.5933803335661
448,13.889,25.0,22.778,316.9446078537727
449,13.889,25.0,25.0,318.4712200721349
450,16.111,7.222,5.0,41849.97027436166
451,16.111,7.222,7.222,38370.365570946444
452,16.111,7.222,9.444,35993.1059734667
453,16.111,7.222,11.667,34327.4745344117
454,16.111,7.222,13.889,32972.63852791767
455,16.111,7.222,16.111,32239.834586255678
456,16.111,7.222,18.333,31227.909753382202
457,16.111,7.222,20.556,30728.320722828637
458,16.111,7.222,22.778,30363.53417474681
459,16.111,7.222,25.0,30059.746235340972
460,16.111,9.444,5.0,27430.94309633926
461,16.111,9.444,7.222,23966.777575148062
462,16.111,9.444,9.444,21861.478423901735
463,16.111,9.444,11.667,20323.72271510405
464,16.111,9.444,13.889,19176.538316498
465,16.111,9.444,16.111,18249.549465654247
466,16.111,9.444,18.333,17321.083534488513
467,16.111,9.444,20.556,16688.64055148351
468,16.111,9.444,22.778,16252.12616299997
469,16.111,9.444,25.0,15744.422697783542
470,16.111,11.667,5.0,20469.035778282196
471,16.111,11.667,7.222,17207.088150029707
472,16.111,11.667,9.444,15114.08313177902
473,16.111,11.667,11.667,13614.430328330398
474,16.111,11.667,13.889,12480.115368129247
475,16.111,11.667,16.111,11520.694954133834
476,16.111,11.667,18.333,10812.726945930573
477,16.111,11.667,20.556,10169.873718732397
478,16.111,11.667,22.778,9664.533870632835
479,16.111,11.667,25.0,9198.837353670222
480,16.111,13.889,5.0,17253.64514763938
481,16.111,13.889,7.222,14045.336119401634
482,16.111,13.889,9.444,12012.608595002292
483,16.111,13.889,11.667,10520.35135009804
484,16.111,13.889,13.889,9354.387706360743
485,16.111,13.889,16.111,8441.337446473139
486,16.111,13.889,18.333,7673.0963969628665
487,16.111,13.889,20.556,7028.357135278162
488,16.111,13.889,22.778,6515.882719033821
489,16.111,13.889,25.0,6054.236196650401
490,16.111,16.111,5.0,15564.844501421383
491,16.111,16.111,7.222,12369.667383907443
492,16.111,16.111,9.444,10309.661791348035
493,16.111,16.111,11.667,8794.634093787878
494,16.111,16.111,13.889,7614.0069623649315
495,16.111,16.111,16.111,6669.405097897767
496,16.111,16.111,18.333,5887.80550648031
497,16.111,16.111,20.556,5228.757712013027
498,16.111,16.111,22.778,4682.679116998034
499,16.111,16.111,25.0,4213.573666194245
500,16.111,18.333,5.0,14500.539361575973
501,16.111,18.333,7.222,11290.570389873526
502,16.111,18.333,9.444,9196.186559428203
503,16.111,18.333,11.667,7647.473808400709
504,16.111,18.333,13.889,6441.57694732705
505,16.111,18.333,16.111,5469.756004867824
506,16.111,18.333,18.333,4653.807501713644
507,16.111,18.333,20.556,3984.6197742856693
508,16.111,18.333,22.778,3418.7035320770424
509,16.111,18.333,25.0,2925.2901281241916
510,16.111,20.556,5.0,13733.09515723039
511,16.111,20.556,7.222,10504.901208032205
512,16.111,20.556,9.444,8369.071872300467
513,16.111,20.556,11.667,6789.586689421872
514,16.111,20.556,13.889,5557.395746250404
515,16.111,20.556,16.111,4552.006349572186
516,16.111,20.556,18.333,3714.622462507392
517,16.111,20.556,20.556,3012.6056174426635
518,16.111,20.556,22.778,2417.5611660010245
519,16.111,20.556,25.0,1907.3255159437933
520,16.111,22.778,5.0,13109.338786961123
521,16.111,22.778,7.222,9878.58037361122
522,16.111,22.778,9.444,7705.113561725599
523,16.111,22.778,11.667,6092.985497221038
524,16.111,22.778,13.889,4818.980380341048
525,16.111,22.778,16.111,3796.6775949459916
526,16.111,22.778,18.333,2940.7371480793972
527,16.111,22.778,20.556,2208.7271702480825
528,16.111,22.778,22.778,1600.812306511857
529,16.111,22.778,25.0,1072.7790552413971
530,16.111,25.0,5.0,12593.74759294052
531,16.111,25.0,7.222,9317.458827476727
532,16.111,25.0,9.444,7111.884100682005
533,16.111,25.0,11.667,5469.396759700221
534,16.111,25.0,13.889,4169.3219065640515
535,16.111,25.0,16.111,3122.4185327555133
536,16.111,25.0,18.333,2238.951558856286
537,16.111,25.0,20.556,1492.7141351884875
538,16.111,25.0,22.778,889.8450121258913
539,16.111,25.0,25.0,338.7995384655382
540,18.333,7.222,5.0,41175.431679688576
541,18.333,7.222,7.222,37640.94283386204
542,18.333,7.222,9.444,35232.52887046635
543,18.333,7.222,11.667,33574.41465449901
544,18.333,7.222,13.889,32201.01577398189
545,18.333,7.222,16.111,31468.211832319903
546,18.333,7.222,18.333,30406.04226652235
547,18.333,7.222,20.556,29906.453235968787
548,18.333,7.222,22.778,29541.66668788696
549,18.333,7.222,25.0,29237.878748481122
550,18.333,9.444,5.0,26174.204078729836
551,18.333,9.444,7.222,22715.11968510041
552,18.333,9.444,9.444,20615.08272462599
553,18.333,9.444,11.667,19038.12873706021
554,18.333,9.444,13.889,17895.022112208226
555,18.333,9.444,16.111,17016.246169470778
556,18.333,9.444,18.333,16113.374966664875
557,18.333,9.444,20.556,15448.61397661141
558,18.333,9.444,22.778,15012.099588127874
559,18.333,9.444,25.0,14518.24538654901
560,18.333,11.667,5.0,19701.797306678312
561,18.333,11.667,7.222,16465.99778777174
562,18.333,11.667,9.444,14418.834463162215
563,18.333,11.667,11.667,12949.980725366706
564,18.333,11.667,13.889,11850.013718770731
565,18.333,11.667,16.111,10920.348364155285
566,18.333,11.667,18.333,10212.380355952017
567,18.333,11.667,20.556,9584.41536216806
568,18.333,11.667,22.778,9066.999429155527
569,18.333,11.667,25.0,8616.714183610426
570,18.333,13.889,5.0,17033.814299374593
571,18.333,13.889,7.222,13878.478142805663
572,18.333,13.889,9.444,11871.40330231086
573,18.333,13.889,11.667,10404.234031918615
574,18.333,13.889,13.889,9262.793609630504
575,18.333,13.889,16.111,8361.794245271765
576,18.333,13.889,18.333,7605.464404953584
577,18.333,13.889,20.556,6972.497395408644
578,18.333,13.889,22.778,6460.022979164302
579,18.333,13.889,25.0,6010.010590308028
580,18.333,16.111,5.0,15708.012221628527
581,18.333,16.111,7.222,12558.32391998351
582,18.333,16.111,9.444,10515.767678909726
583,18.333,16.111,11.667,9017.757088314916
584,18.333,16.111,13.889,7845.475505970938
585,18.333,16.111,16.111,6917.237325570171
586,18.333,16.111,18.333,6135.637734152714
587,18.333,16.111,20.556,5484.607653886293
588,18.333,16.111,22.778,4946.437151119805
589,18.333,16.111,25.0,4477.3317003160155
590,18.333,18.333,5.0,14863.537807420633
591,18.333,18.333,7.222,11695.359178670476
592,18.333,18.333,9.444,9618.987348159404
593,18.333,18.333,11.667,8076.100257436185
594,18.333,18.333,13.889,6881.6015563108695
595,18.333,18.333,16.111,5915.3579840127495
596,18.333,18.333,18.333,5099.409480858562
597,18.333,18.333,20.556,4423.532601650046
598,18.333,18.333,22.778,3862.8239167582055
599,18.333,18.333,25.0,3374.547835242974
600,18.333,20.556,5.0,14230.40745223712
601,18.333,20.556,7.222,11019.983184107961
602,18.333,20.556,9.444,8892.73368354445
603,18.333,20.556,11.667,7321.621380732748
604,18.333,20.556,13.889,6097.593703561725
605,18.333,20.556,16.111,5092.204306883506
606,18.333,20.556,18.333,4258.822628675552
607,18.333,20.556,20.556,3560.7546118138102
608,18.333,20.556,22.778,2965.7101603721712
609,18.333,20.556,25.0,2481.475666011616
610,18.333,22.778,5.0,13716.979435842055
611,18.333,22.778,7.222,10480.579771942384
612,18.333,22.778,9.444,8313.231930072592
613,18.333,22.778,11.667,6707.024202779046
614,18.333,22.778,13.889,5435.9072983398655
615,18.333,22.778,16.111,4416.446112971735
616,18.333,22.778,18.333,3563.3016776248896
617,18.333,22.778,20.556,2831.291699793575
618,18.333,22.778,22.778,2226.128286996628
619,18.333,22.778,25.0,1700.8029579591687
620,18.333,25.0,5.0,13269.32155243364
621,18.333,25.0,7.222,10000.138755712156
622,18.333,25.0,9.444,7799.143301730595
623,18.333,25.0,11.667,6161.119077098963
624,18.333,25.0,13.889,4863.235066626396
625,18.333,25.0,16.111,3818.4969098086326
626,18.333,25.0,18.333,2937.170666554394
627,18.333,25.0,20.556,2190.933242886596
628,18.333,25.0,22.778,1567.8490869232342
629,18.333,25.0,25.0,1016.8036132628813
630,20.556,7.222,5.0,40545.44405174667
631,20.556,7.222,7.222,36983.2040732344
632,20.556,7.222,9.444,34547.48049680199
633,20.556,7.222,11.667,32840.55729922775
634,20.556,7.222,13.889,31448.90037428998
635,20.556,7.222,16.111,30716.096432628
636,20.556,7.222,18.333,29634.807609537904
637,20.556,7.222,20.556,29135.218578984342
638,20.556,7.222,22.778,28770.432030902506
639,20.556,7.222,25.0,28466.644091496673
640,20.556,9.444,5.0,25142.75006265998
641,20.556,9.444,7.222,21731.09845656518
642,20.556,9.444,9.444,19659.063003270643
643,20.556,9.444,11.667,18111.481632368024
644,20.556,9.444,13.889,16983.575074240092
645,20.556,9.444,16.111,16076.610595418348
646,20.556,9.444,18.333,15190.401083642055
647,20.556,9.444,20.556,14534.489740726598
648,20.556,9.444,22.778,14097.975352243062
649,20.556,9.444,25.0,13613.30842764019
650,20.556,11.667,5.0,19244.758414960586
651,20.556,11.667,7.222,16064.66294356657
652,20.556,11.667,9.444,14058.698943012369
653,20.556,11.667,11.667,12616.963990533903
654,20.556,11.667,13.889,11511.536182705355
655,20.556,11.667,16.111,10609.682944620477
656,20.556,11.667,18.333,9901.714936417216
657,20.556,11.667,20.556,9287.51682298126
658,20.556,11.667,22.778,8783.769545754954
659,20.556,11.667,25.0,8347.050881901012
660,20.556,13.889,5.0,17073.16521761283
661,20.556,13.889,7.222,13957.296589487549
662,20.556,13.889,9.444,11969.174067229318
663,20.556,13.889,11.667,10520.453313016314
664,20.556,13.889,13.889,9396.962147372105
665,20.556,13.889,16.111,8504.750195436165
666,20.556,13.889,18.333,7757.08307895523
667,20.556,13.889,20.556,7132.654276298359
668,20.556,13.889,22.778,6620.179860054025
669,20.556,13.889,25.0,6178.581396449503
670,20.556,16.111,5.0,16022.670050990064
671,20.556,16.111,7.222,12903.924271492431
672,20.556,16.111,9.444,10873.041026246228
673,20.556,16.111,11.667,9386.337890721472
674,20.556,16.111,13.889,8219.580781714583
675,20.556,16.111,16.111,7302.148902209795
676,20.556,16.111,18.333,6520.549310792331
677,20.556,16.111,20.556,5874.807472986582
678,20.556,16.111,22.778,5341.852920864187
679,20.556,16.111,25.0,4872.747470060398
680,20.556,18.333,5.0,15346.67354942568
681,20.556,18.333,7.222,12179.529398223442
682,20.556,18.333,9.444,10115.716170241465
683,20.556,18.333,11.667,8576.896373919479
684,20.556,18.333,13.889,7390.337451007312
685,20.556,18.333,16.111,6427.960921752378
686,20.556,18.333,18.333,5612.012418598191
687,20.556,18.333,20.556,4939.9304114204915
688,20.556,18.333,22.778,4382.941737331801
689,20.556,18.333,25.0,3898.3081270533926
690,20.556,20.556,5.0,14785.767060924132
691,20.556,20.556,7.222,11585.467194349018
692,20.556,20.556,9.444,9462.850056079205
693,20.556,20.556,11.667,7920.290001749369
694,20.556,20.556,13.889,6700.592800701291
695,20.556,20.556,16.111,5695.203404023073
696,20.556,20.556,18.333,4863.922873160589
697,20.556,20.556,20.556,4167.919880326619
698,20.556,20.556,22.778,3572.875428884987
699,20.556,20.556,25.0,3068.568755676193
700,20.556,22.778,5.0,14320.886625205807
701,20.556,22.778,7.222,11092.183156806104
702,20.556,22.778,9.444,8928.760032582171
703,20.556,22.778,11.667,7326.49823390866
704,20.556,22.778,13.889,6057.355253225704
705,20.556,22.778,16.111,5039.864905686351
706,20.556,22.778,18.333,4188.6854311919615
707,20.556,22.778,20.556,3456.675453360646
708,20.556,22.778,22.778,2853.468335902542
709,20.556,22.778,25.0,2330.087850670764
710,20.556,25.0,5.0,13916.761877367195
711,20.556,25.0,7.222,10652.44482404293
712,20.556,25.0,9.444,8454.459926257457
713,20.556,25.0,11.667,6819.2574166617105
714,20.556,25.0,13.889,5522.716715367623
715,20.556,25.0,16.111,4479.278589268342
716,20.556,25.0,18.333,3599.210415154658
717,20.556,25.0,20.556,2852.972991486867
718,20.556,25.0,22.778,2231.1062612399037
719,20.556,25.0,25.0,1680.0607875795506
720,22.778,7.222,5.0,39928.06737733178
721,22.778,7.222,7.222,36339.42378579827
722,22.778,7.222,9.444,33878.20171476645
723,22.778,7.222,11.667,32155.317415209905
724,22.778,7.222,13.889,30747.44007470287
725,22.778,7.222,16.111,30014.636133040876
726,22.778,7.222,18.333,28918.480282227676
727,22.778,7.222,20.556,28418.891251674115
728,22.778,7.222,22.778,28054.104703592282
729,22.778,7.222,25.0,27750.316764186446
730,22.778,9.444,5.0,24358.12653441949
731,22.778,9.444,7.222,20939.460175947883
732,22.778,9.444,9.444,18917.030505694293
733,22.778,9.444,11.667,17387.993244551
734,22.778,9.444,13.889,16269.719447715568
735,22.778,9.444,16.111,15372.621810546592
736,22.778,9.444,18.333,14506.825411724636
737,22.778,9.444,20.556,13861.447461786958
738,22.778,9.444,22.778,13424.933073303415
739,22.778,9.444,25.0,12951.007898380367
740,22.778,11.667,5.0,19011.176005037156
741,22.778,11.667,7.222,15881.121561604825
742,22.778,11.667,9.444,13911.39292603235
743,22.778,11.667,11.667,12493.167496686203
744,22.778,11.667,13.889,11399.295793425998
745,22.778,11.667,16.111,10520.152360661963
746,22.778,11.667,18.333,9812.184352458697
747,22.778,11.667,20.556,9209.138611162181
748,22.778,11.667,22.778,8716.408196645436
749,22.778,11.667,25.0,8290.570818028847
750,22.778,13.889,5.0,17264.928472704927
751,22.778,13.889,7.222,14179.344939870129
752,22.778,13.889,9.444,12205.663471511756
753,22.778,13.889,11.667,10770.93552432544
754,22.778,13.889,13.889,9660.999103778662
755,22.778,13.889,16.111,8775.402755911697
756,22.778,13.889,18.333,8034.244846553922
757,22.778,13.889,20.556,7416.220011830048
758,22.778,13.889,22.778,6903.745595585706
759,22.778,13.889,25.0,6468.447073497985
760,22.778,16.111,5.0,16394.56113677674
761,22.778,16.111,7.222,13297.098480702633
762,22.778,16.111,9.444,11293.687686753892
763,22.778,16.111,11.667,9815.090941573773
764,22.778,16.111,13.889,8652.288936400779
765,22.778,16.111,16.111,7742.574308863199
766,22.778,16.111,18.333,6960.974717445742
767,22.778,16.111,20.556,6318.9963331993295
768,22.778,16.111,22.778,5789.742664513578
769,22.778,16.111,25.0,5320.637213709789
770,22.778,18.333,5.0,15819.712317662443
771,22.778,18.333,7.222,12685.533874089682
772,22.778,18.333,9.444,10629.303652565613
773,22.778,18.333,11.667,9092.914658862403
774,22.778,18.333,13.889,7911.077396170157
775,22.778,18.333,16.111,6950.993519142058
776,22.778,18.333,18.333,6135.045015987878
777,22.778,18.333,20.556,5465.2114096297955
778,22.778,18.333,22.778,4910.4277880763575
779,22.778,18.333,25.0,4427.956787092757
780,22.778,20.556,5.0,15334.909437317978
781,22.778,20.556,7.222,12141.478449930613
782,22.778,20.556,9.444,10046.521515109895
783,22.778,20.556,11.667,8483.14412146701
784,22.778,20.556,13.889,7266.581112996325
785,22.778,20.556,16.111,6261.191716318106
786,22.778,20.556,18.333,5431.456717600461
787,22.778,20.556,20.556,4736.986631888048
788,22.778,20.556,22.778,4141.942180446416
789,22.778,20.556,25.0,3639.1571002001765
790,22.778,22.778,5.0,14904.87552680438
791,22.778,22.778,7.222,11682.091769912884
792,22.778,22.778,9.444,9521.609834778163
793,22.778,22.778,11.667,7922.257320790167
794,22.778,22.778,13.889,6654.552484203715
795,22.778,22.778,16.111,5638.486874423785
796,22.778,22.778,18.333,4788.716932359204
797,22.778,22.778,20.556,4056.70695452789
798,22.778,22.778,22.778,3454.8923704397025
799,22.778,22.778,25.0,2932.88563099395
800,22.778,25.0,5.0,14530.534393549575
801,22.778,25.0,7.222,11269.29156794923
802,22.778,25.0,9.444,9073.161673803981
803,22.778,25.0,11.667,7439.666219439797
804,22.778,25.0,13.889,6143.929083523454
805,22.778,25.0,16.111,5101.26415447011
806,22.778,25.0,18.333,4221.9410071480115
807,22.778,25.0,20.556,3475.703583480213
808,22.778,25.0,22.778,2854.555902620499
809,22.778,25.0,25.0,2303.510428960146
810,25.0,7.222,5.0,39352.62035351835
811,25.0,7.222,7.222,35740.72295224537
812,25.0,7.222,9.444,33257.21160191768
813,25.0,7.222,11.667,31521.860325837984
814,25.0,7.222,13.889,30099.372514891358
815,25.0,7.222,16.111,29366.568573229368
816,25.0,7.222,18.333,28259.242196143317
817,25.0,7.222,20.556,27759.653165589752
818,25.0,7.222,22.778,27394.866617507923
819,25.0,7.222,25.0,27091.078678102083
820,25.0,9.444,5.0,23730.2637639202
821,25.0,9.444,7.222,20374.191162117055
822,25.0,9.444,9.444,18340.159217647986
823,25.0,9.444,11.667,16832.317321214923
824,25.0,9.444,13.889,15724.902701419574
825,25.0,9.444,16.111,14838.827411593502
826,25.0,9.444,18.333,13995.529097149518
827,25.0,9.444,20.556,13361.60782096686
828,25.0,9.444,22.778,12925.093432483322
829,25.0,9.444,25.0,12462.750037631593
830,25.0,11.667,5.0,18942.667474457667
831,25.0,11.667,7.222,15855.032598240425
832,25.0,11.667,9.444,13915.68994791812
833,25.0,11.667,11.667,12517.032903033465
834,25.0,11.667,13.889,11432.738718672914
835,25.0,11.667,16.111,10572.339249195888
836,25.0,11.667,18.333,9864.371240992614
837,25.0,11.667,20.556,9270.493514964792
838,25.0,11.667,22.778,8786.79654526356
839,25.0,11.667,25.0,8369.8593606276
840,25.0,13.889,5.0,17536.468899902557
841,25.0,13.889,7.222,14473.209112366505
842,25.0,13.889,9.444,12510.099218420279
843,25.0,13.889,11.667,11085.564124566805
844,25.0,13.889,13.889,9985.452889901911
845,25.0,13.889,16.111,9104.634713376716
846,25.0,13.889,18.333,8368.167262558341
847,25.0,13.889,20.556,7754.746635479334
848,25.0,13.889,22.778,7242.272219235
849,25.0,13.889,25.0,6811.493142969717
850,25.0,16.111,5.0,16825.1539312674
851,25.0,16.111,7.222,13743.818024383801
852,25.0,16.111,9.444,11727.045234690566
853,25.0,16.111,11.667,10253.973994265296
854,25.0,16.111,13.889,9093.855330507458
855,25.0,16.111,16.111,8189.349321154169
856,25.0,16.111,18.333,7407.749729736713
857,25.0,16.111,20.556,6768.2969331565055
858,25.0,16.111,22.778,6241.51658271327
859,25.0,16.111,25.0,5772.41113190948
860,25.0,18.333,5.0,16322.015448973061
861,25.0,18.333,7.222,13172.281053486362
862,25.0,18.333,9.444,11120.675263229434
863,25.0,18.333,11.667,9585.7808370349
864,25.0,18.333,13.889,8406.87734365168
865,25.0,18.333,16.111,7448.2376523222965
866,25.0,18.333,18.333,6632.289149168117
867,25.0,18.333,20.556,5963.887910999923
868,25.0,18.333,22.778,5410.527320894306
869,25.0,18.333,25.0,4929.472490957937
870,25.0,20.556,5.0,15850.736472339728
871,25.0,20.556,7.222,12663.226221245932
872,25.0,20.556,9.444,10569.805904789526
873,25.0,20.556,11.667,9009.300400598204
874,25.0,20.556,13.889,7795.539549396449
875,25.0,20.556,16.111,6790.15015271823
876,25.0,20.556,18.333,5961.7827015604225
877,25.0,20.556,20.556,5268.653881771745
878,25.0,20.556,22.778,4673.609430330113
879,25.0,20.556,25.0,4172.136394409937
880,25.0,22.778,5.0,15447.865449480074
881,25.0,22.778,7.222,12228.189426076373
882,25.0,22.778,9.444,10068.968299656399
883,25.0,22.778,11.667,8470.72041612998
884,25.0,22.778,13.889,7203.518482212461
885,25.0,22.778,16.111,6211.656422392814
886,25.0,22.778,18.333,5362.342725141421
887,25.0,22.778,20.556,4630.3327473101
888,25.0,22.778,22.778,4028.9528762821706
889,25.0,22.778,25.0,3507.3631616215825
890,25.0,25.0,5.0,15082.259634925473
891,25.0,25.0,7.222,11822.346732435142
892,25.0,25.0,9.444,9627.25375233702
893,25.0,25.0,11.667,7994.912158915671
894,25.0,25.0,13.889,6699.788945623667
895,25.0,25.0,16.111,5657.758935813627
896,25.0,25.0,18.333,4779.088961160533
897,25.0,25.0,20.556,4032.851537492734
898,25.0,25.0,22.778,3412.3725436421873
899,25.0,25.0,25.0,2861.327069981834
